Temperature,Humidity,Leaf_Wetness,Lesion_Size,Nitrogen_Level,Status
23.630080577139804,87.11708480142343,6.057374583094522,1.9916185064808132,41.784766638853895,0
24.948072951836544,66.32972160916678,10.47814151432452,1.1973234842191214,47.68839675968897,0
16.477377306005064,59.27860988014393,13.248751712616261,2.6789363562068402,43.11109991143195,0
20.27901397935929,58.58310885866495,4.9118854754537855,0.8466078376465254,18.038721789000537,0
18.626073724486393,70.76005391412411,7.511621281783118,0.7609121607965189,43.700611152689554,0
24.807035179442384,65.11150578213726,6.759604516630172,1.6679710808234072,56.14778790709852,0
19.031185539224257,68.79051851392218,4.724897371582057,0.7995365981785496,52.96063061781396,0
19.277309013875207,60.26931059118444,6.643729001500759,1.761891963225723,26.51952888059833,0
26.05136205824379,84.1027016774611,13.191276014619955,3.724824915848072,69.98053402549245,1
19.65024012299129,85.0339830176715,4.568821378038015,2.14600481118978,22.0610750213211,0
20.680806825177477,68.81931473008922,9.641794392133901,1.75236637706736,37.784867370478764,0
22.261141204714512,64.41078152728412,6.164692727284144,0.9924418641150368,42.16624975404619,0
24.469511751885744,55.816342670669684,9.50199716414363,0.2762514700344268,39.929550145194455,0
27.642358812438417,87.1961954651007,11.61162119781542,4.541235336289065,71.08770742052351,1
25.63445223282322,87.9534576295214,12.83996733469263,5.111727879688994,45.08357217300312,1
24.308961222308874,89.49359640649233,11.73443009746451,4.556926804832524,12.443613961829165,1
22.340552035753745,73.21357215450273,5.085029796376142,0.3908121554646119,43.22974503617668,0
26.963684184269695,85.5611524423073,15.752338334382465,6.310807659700474,59.41885657515685,1
22.366029443936085,54.36809191303343,10.228047255079167,2.4554628826460974,34.517997018332274,0
21.609570836896946,78.53415558780307,4.282224815439582,0.9231242572589874,43.131321400131554,0
20.18804443985254,63.43105721028604,10.764950335773378,5.911268658356253,44.71542380418206,0
22.830072397990058,87.27543170100711,11.930926238358825,2.2968987065370916,44.914294527201996,0
23.493994873736348,73.09820710227028,11.708392165418655,0.23147800557034293,50.0713333647316,0
22.144254839984146,80.39904687396077,6.198729302783884,0.8533282261793587,35.51775383699851,0
23.7126715320795,77.71698710648344,13.197544998455275,0.9098057681856778,45.73744421004413,0
23.901757066954033,74.3004164719107,3.4910890148145404,2.4353884331693028,58.97288694773111,0
20.738064031703924,73.52055396514297,7.818017558556138,1.2969953028060532,34.107283482106936,0
28.095687559791532,91.38300382755591,12.821775734437747,3.868847264252019,69.89176861670417,1
25.029597930473507,89.65938287416023,14.204969284316416,3.8672108175705535,83.89004997424325,1
24.567507360493494,84.61660436264494,15.088440704680695,6.543592354471322,60.29071856547038,1
17.655746975508027,69.80362201073319,8.000621194754592,0.9076767386275694,43.207857259326836,0
18.307407050698135,70.26885838994531,7.375649428182381,1.8007125354857716,59.53259137526568,0
23.414405071407987,63.90217095680618,10.336809510536343,1.4194717784552973,35.37060487974742,0
17.85160080710699,67.75234598107316,9.463616854613221,1.293737957157079,45.82737583173864,0
22.073530522776828,58.12401580970487,10.896192453773512,1.2703585507177706,30.266211619729653,0
22.174626155338,84.76540349725896,9.682758343823716,3.9504322561743512,22.23988245951598,0
20.875537577351206,64.6729916033809,5.227300567195087,1.6160365812072177,31.550585614065035,0
22.545598765175484,68.32878286213588,6.606787213071837,0.3517985634120526,30.061373251651467,0
30.097450036702625,85.16706054507343,12.311351925633858,8.641087815883632,52.672858798344606,1
24.926635381367078,91.6325472330546,11.944743360752142,2.443042303683222,55.03419828428999,0
23.872359451156466,60.11408892849083,8.628978245823877,2.251206815760043,21.59922255494247,0
22.88836083119373,54.74474829075261,7.042838193000145,3.582680045918341,24.51039474946525,0
24.47624904696409,56.10427533236404,5.692572950638105,1.3037496623045444,39.50970659161963,0
26.987314447405428,79.81889748572031,12.08244308762645,4.502768292466645,67.60530408203036,1
23.888886525770836,61.53038651681672,5.7652920655806525,0.0969115328454962,28.261200355910276,0
20.199349368523617,62.45724149980642,10.842579386368573,0.7306577680815328,40.511979018810855,0
26.379192541606184,87.88200709135911,13.010069039263854,4.568078959299536,76.55900320052861,1
19.233504027467124,87.02214944635239,5.005818118056761,0.04980640725844243,44.875602970867185,0
21.833356903310143,48.471094070475175,3.5974242027426797,0.7466014773656331,27.421318440911122,0
19.004937877783625,72.0115965587284,10.75536333182724,0.4842856748685977,43.18521004798875,0
22.055255137568654,75.38296079049633,9.043029450615009,1.766538062936556,38.356647941146086,0
26.986246917025785,95.17721708208472,15.693764207769828,4.3990681025585925,58.07010830471916,1
21.8214239318146,72.17432873179723,8.85666222457297,2.4340910841269876,46.64927162301741,0
17.564241262660474,67.78746376414227,9.998937502727635,2.5780102293849256,31.07212484508116,0
17.72575544135963,62.69069960058081,9.84610245203916,0.02743543997484773,21.420985486017127,0
20.194880163311808,95.26932425873622,7.329602052884444,0.43808219538299176,31.18931663338708,0
24.177299871696075,73.9467152982298,6.14824044035923,1.1999744406304493,26.282568707364945,0
20.609746921562614,72.029230208513,11.321242007860919,1.1405469427608435,50.07443973195198,0
16.398204422224758,74.77040827223121,10.243730768352602,0.2547713459564359,31.95033519147439,0
20.448134649698883,67.61067900830305,8.525634256725535,0.5223534023186978,47.00700612120583,0
24.698799626299753,59.037249131047986,7.92043622225282,0.4445052476343513,30.34335196476792,0
25.092998567487854,71.91099068019903,9.533607798574941,5.166117180793817,31.38296929743742,0
23.589412533745847,90.13387247526623,13.929321753546457,0.016304922064522075,46.6470274533311,0
33.558194471964164,66.29385667913894,8.42882928429112,0.08223558958795119,48.89037122279892,0
23.240304709671104,75.65509645631545,13.987002469351893,0.2637081111799061,37.9747577293517,0
18.75681001720031,86.6125921454787,3.5104122347297633,1.4622843038310567,49.495945713644886,0
21.901740189352005,62.831776793971954,3.432922441346326,3.6987281671070384,41.43048769878952,0
26.273038708235717,87.05053841122196,14.648680420029736,1.3578278614110073,74.26959366449225,1
23.084186816525243,80.73631749859771,8.13080733911736,1.9241872167793814,56.763930272082035,0
26.3247058619737,71.36535331082737,3.307275164866846,2.627808148013366,34.47079162632698,0
22.523733438495515,74.56753219153784,9.5261750696898,0.33894788134768894,45.74071220894001,0
19.41614739601521,81.90646274786342,3.9104779862215686,1.0442815785239838,38.93662997468685,0
22.214698711658176,76.62881268667412,13.216698991392736,0.7194538633960099,36.17182810387031,0
18.161269099792896,40.78649516505393,12.144362236071458,2.457132712307284,21.103507079038472,0
20.231905729167366,68.49944412967473,11.56674011442393,0.5923529580754024,52.795186697601586,0
20.13190144053822,77.01172742310898,9.295767634021821,0.8690327784708771,44.754306825266234,0
21.19333392833551,61.81801116577693,10.050707969601433,1.6971902009731283,24.67299440110069,0
22.590583707607372,81.08703580582907,13.131840117745776,2.352143138747894,59.412174364637494,0
19.4317485222734,77.34877786049817,12.267109585095522,0.37507604098318065,22.068935474654232,0
20.22528583349251,92.52435805344308,5.548734106795428,0.9940375253060123,27.609472974733578,0
25.814665284982475,58.80382566710989,8.780841519748659,2.4554452571030136,36.77971845507942,0
21.783969635258998,76.0789650971654,14.51282815249344,0.6990969529406343,52.769653860881874,0
23.386310422789812,58.53654606981312,6.834444640733342,4.170090401689451,33.72686554048697,0
25.010598693676073,71.86609123156359,7.47234256270299,0.10678275939396756,43.38023481101708,0
22.972499057465328,75.94754341665286,9.90625409062768,0.12878187286516202,53.764964500195376,0
23.113437620113928,82.00413907944426,7.4326388276688995,0.18955126423396046,22.289314469119088,0
23.7531942220605,94.97223687754453,16.360256347483055,6.645565561668005,59.060276668172676,1
21.887095892725455,77.36843897092433,11.052984400530507,0.3949236956675621,43.79153118726124,0
25.160925389823518,62.00807993349746,5.852720032667745,0.07898425346306252,29.503445010900588,0
24.37498808188881,69.0166037320525,11.716839058818312,1.6503759624273044,65.11556551584424,0
15.62831282707058,69.11717951648745,3.6684355515993747,0.3692489446676165,26.504237884484677,0
24.865426961503715,79.92042349536523,12.984410497184054,1.1158261162103411,38.4975701120174,0
20.01212872316246,56.28098857068643,10.23257591449981,1.1371844213191045,54.288577078135674,0
20.54390935651269,65.32298798688109,7.495568544245631,1.7917061673145778,46.954024745502984,0
23.37754023768531,74.23599065593461,7.863766346203286,0.2549676189563393,41.98680009547407,0
26.885846636713875,51.637946268967035,8.30556888578596,0.2858258744590087,43.73348559711398,0
25.447819978857027,68.19520086409375,10.607468193167819,0.24245451347656832,23.108169620327384,0
20.410719388698883,72.43800713771199,8.957523531257541,0.22680046152663613,36.38537233306014,0
18.411380127757987,85.77453279763475,3.194102564308494,0.5810594863419711,37.11961126077924,0
26.73871643719214,82.17158520825497,9.260283471355525,0.20193546287496558,44.60271624982304,0
22.34268294598612,70.66990717224871,9.65442882571857,3.914966173814873,34.03025713278926,0
26.426068650848656,65.70594458874747,5.3986093528672985,0.2894519733764568,33.617172734715055,0
25.962708493380514,92.47352826887516,15.686210664646481,7.88389001160378,70.07916911721746,1
25.800733447559868,76.12773905062569,1.592977358063914,2.981626836981181,36.38689438032709,0
17.03542998440269,79.3259083187309,9.7256150483197,0.8149789983998796,32.106614942803255,0
21.262770807742168,85.42109952567876,1.5399712403862669,3.2597288932592487,26.097780748465375,0
23.012807986225607,79.96047685805816,4.242819666760643,0.049472103132829556,38.49679539728128,0
27.21895159509425,86.77213963982302,10.810488083673334,0.0,55.41584078769295,1
21.26383565199139,66.7965269180568,4.7271007093544055,0.41461176959489565,59.725421767898084,0
27.123305712009557,88.95765894729796,15.360460416835258,0.656857190479105,66.22159336183186,1
22.779167505164445,63.94384460263136,2.4003801459181515,0.26941779932747034,33.077496707341034,0
20.911484318681023,60.77589815501497,7.059410941482806,0.43758803512073574,43.93307050005323,0
25.423904483019722,85.8769387478262,16.11562836164159,4.433563922109535,31.28909894118799,1
22.801150797607775,60.00697767705089,8.25767901887999,2.5587615383399482,23.84113212589527,0
24.746206353106224,59.787671828692865,7.07237276885041,2.4368431017778964,60.86047049537114,0
21.191779496666328,77.0810867668859,10.01858370790046,1.9342867081651285,41.6048962397348,0
21.329611644022446,65.16813537700627,7.920782729123219,2.7221088910393503,33.250659812094476,0
26.721070634947882,92.02106432638666,13.571864604544277,6.406880266277788,56.05879878470244,1
20.044491676593523,77.42095372009307,4.366484212157657,1.6123203007079612,43.22082310766986,0
23.071046457895143,68.26928175716131,9.054344622624749,0.396936910482265,45.02744807490814,0
25.590410565244614,84.39378129952804,13.298301139847052,7.90423539836512,70.84240342478267,1
26.105894672597046,71.41716913639905,9.64135734552563,0.8648569451563473,45.50797572273663,0
23.197408343056214,78.8404539636105,5.2474915369572095,0.2183357544404863,32.27431251243759,0
19.21920858526575,68.09317599236654,7.835317998151141,0.5064003616156015,55.30195198863351,0
22.559362944308283,72.38789159026514,9.4030795152963,1.1515962304143947,50.235306441853446,0
20.737046557539212,67.49166983544953,8.596844440389484,1.2589052933315745,34.494480682915125,0
28.81207857341319,64.16922561431062,5.056503406580955,0.5966460924444773,48.1079864559171,0
24.009017646490115,69.01110346808858,12.469590315806247,1.2513113124753927,48.72315380028451,0
26.94311694724842,93.49344406758522,12.934549003566193,3.804664633490286,67.90346885498691,1
24.814851417927994,75.79633173213576,9.711838991658592,3.016010351452376,32.18843621868886,0
23.131901479134555,70.21271576736062,3.490759094720546,1.7273858008500012,51.717179147161595,0
20.407009134994546,71.79581781939598,14.265328318609775,0.06906091493647884,41.13140457053023,0
18.25665045410545,73.64961002466225,8.268742043765746,1.4617958316863446,37.86543220649562,0
28.1895487515634,87.26979100591639,16.148666009540488,1.7373297791658535,57.242191602611854,1
19.287050124686775,88.26009713546937,11.022541069510766,0.18593703085335345,20.31076857583917,0
24.793840357348596,70.46436548156149,12.120975635488874,0.10332548603869102,40.30031479164082,0
24.373095841129143,71.2810441491079,7.606229098723086,2.3862293508124846,37.15615350393491,0
24.276907661479804,58.803301053738565,6.371978600797934,0.2747255082345877,33.858774349916835,0
22.3327677691296,87.94557863517788,11.257946348525097,0.10731796729405801,42.98158465990526,0
21.892521882670145,71.32969674146877,6.132051914796644,1.8504405411100002,28.466494894040405,0
17.56443402889772,83.82158991037527,5.217940597428278,0.9419095140067613,37.84332362452368,0
20.040012302278864,50.01799315467892,7.912211558945065,0.08008431704875328,29.39394933603399,0
16.869494822030124,57.45710576830751,11.50876997728332,0.7485805505532916,44.281862478105765,0
23.98639202356314,74.21920754235285,3.8611455056332087,0.949792773254952,39.389960281446164,0
24.420386937946233,94.64704992395407,9.563304479897837,5.028298529931517,61.67698737305082,1
27.73777259604631,92.54304186616721,11.286128860600849,3.772824789274411,67.78306770660183,1
21.43938506751592,83.17115067339866,9.445598185155475,4.087025024152877,45.16946515748371,0
18.39911077883267,77.3264007721558,9.864715669568152,1.312690089167171,39.08600442490886,0
28.89669437085775,66.08241850956178,9.102444996422914,2.174575786000738,38.95657207013108,0
23.785471076310742,72.81191423969376,8.832130813874574,2.5921734917167227,54.66540859278603,0
17.49057114064568,71.84551303197037,6.421895471997258,0.37354998472992557,49.96118214911129,0
18.426089508392053,80.49552715319335,8.866080887839571,0.4295418898814022,51.059004243573085,0
24.56051256073065,81.63553049344213,14.825997824275595,6.246814276559832,49.381335889888874,1
16.723781540730656,66.908835357975,10.154557177123802,0.8941362472865666,43.641402960546614,0
26.007233194970905,95.63954496626785,14.8353615044788,0.0,56.20855117355722,1
19.900823476022243,83.90207549017313,9.494665245490356,0.5730983631972473,52.753907379990146,0
21.39342204269832,66.75168616491378,10.812710412879674,1.2431354899219076,55.94442391749197,0
18.24665927084409,73.01791899819466,4.988127883755505,0.2619329937119007,23.88432640897172,0
20.56247728646413,66.92221765046999,12.919893588114178,0.8523437764192799,36.698799060335496,0
28.79206028828413,94.98816038460123,12.663309610306397,2.8596168742113366,50.87473852980994,1
20.469950803435758,63.48643106208171,9.567542315797272,0.5420701886259552,42.69294752580734,0
27.31240190690653,62.48208949904816,8.113813506342806,0.7875277553308411,47.5109945450731,0
24.088619094440254,75.92526949201184,6.823962080242611,0.774286570872499,51.91899334413573,0
27.546868284836037,77.78361076166638,11.179809152139866,2.0938982779734814,49.500158286696454,0
29.341008574542126,94.4603379986586,15.639850505270468,8.890390148553866,63.64637591491048,1
14.047090574820963,59.758131756707954,4.650426680154022,1.2766051516905979,36.06947242938599,0
24.43858635651688,85.94505063224972,7.510799108168708,1.6812601970236658,34.18217966607946,0
23.33278993445812,41.2773778671835,11.105748004171257,0.19241084845500928,39.08155235665045,0
25.916436421462986,80.2257043200964,10.488424525795246,0.23336542021703627,43.30851304615578,0
21.34695639031834,45.005942851264265,3.1773204068930774,2.4429684872596926,46.78946987762233,0
26.598216739007732,63.07094802204092,7.58788463480181,1.2690189888563443,30.818730165834253,0
25.35872473430373,75.99928729996205,8.020399533679994,0.45378453737867464,43.076126681891964,0
16.243686354102877,76.42722759867544,6.550816844949681,0.36294041548882494,26.341758445845613,0
27.616672846423413,100.48969669566216,12.174378161406974,4.68450603353703,56.28371372640436,1
20.060281347272422,63.8659733645906,3.7281285426495643,0.095701726695257,42.810092502818065,0
23.205135166296824,78.94924376944441,7.690334741202511,0.48993180915771195,36.0377032189824,0
17.44189010213796,81.08182816737516,6.213016117869524,1.6140089671641125,36.97819413017378,0
24.32390216028801,89.14031353866787,8.669716742387479,2.005833987854461,34.84781606191757,0
22.28836233082295,71.94384301577335,7.006074850450032,0.9457691166771134,55.98538112096341,0
27.256811330270867,85.43243528272188,4.021856941753885,0.636527228785711,30.574419942081235,0
26.56937223180897,79.49554135441323,8.569118502831188,0.4248551826855704,49.9558151400203,0
25.738255577492886,82.21033695525352,7.532305466189998,0.060091885684090116,53.93454527524432,0
22.550026017215057,68.52997998371511,11.611653311506448,2.7976652298722,40.006828189574826,0
17.117372686350514,63.309272613400836,12.258809013540912,1.359814921650774,52.528426344274834,0
23.47735379202445,89.38928999058285,9.298879476082089,0.09272263095676223,32.95271564389116,0
21.033815451382974,78.77362290575671,8.32567911732957,0.31186969849790025,26.44552496887711,0
18.992411906086573,70.40591691203882,5.542226420835506,1.5523802058339626,53.31339061988403,0
20.796338584342493,82.47742072673734,6.251724027165254,0.3028764719694261,46.04120889588518,0
28.472753011811875,90.77246832797626,14.214888748681785,4.966779315348182,75.44119651432989,1
17.78001670945533,62.71997058770866,5.928376843051222,3.068296068377086,41.91577396194089,0
26.149243088202617,86.187403804267,15.691605745125857,5.712505577412167,25.19526602654365,1
21.154646173418477,65.68379687281951,4.607334694022253,2.814870800813064,42.06361771325451,0
22.041787875738837,76.96387447456715,6.892168582261391,0.23750258224453127,21.56206416519254,0
18.571089106508133,83.80091354147451,7.113559045912519,3.9705636087983422,50.639409875608564,0
23.954173753917395,52.60286221221901,9.50253342483337,0.7005064817195218,42.92715482141853,0
22.360886895135696,62.949881442415915,7.014144572753046,1.36289569506136,44.21546083536561,0
22.22741367458118,79.18316606002313,9.429073308068658,2.749885773359454,38.86871947484259,0
23.545143058918143,75.43600154594432,4.418224980802834,1.3489963705335273,62.72434720446881,0
18.62353285810487,61.494795457907,9.493229267274183,4.182642053856874,36.896922946150966,0
22.275282329606508,85.65524029234341,6.71209332644822,2.4482512432371073,51.00821398422605,0
21.124918750620168,81.88393273448084,13.514551030385368,1.7501678940857843,41.480894197982764,0
22.142196013949242,72.99292580406492,10.192292357199573,4.022585285960608,39.88907996051398,0
21.071360682058028,74.68774256075024,3.6510643409044095,1.1860028927171593,42.24234744535292,0
20.702325436541138,85.01333651955487,6.73771461895684,0.1634923495150325,28.2776624656336,0
26.65150147844223,65.35382702701607,10.927450158034127,0.8407129552391658,30.490892703127678,0
21.190375194119888,64.71383318250243,9.255194662666051,4.0446615380968565,39.55106969877463,0
23.238342780809496,71.97910783462648,3.0125240358929766,2.4649966765973916,31.971755560491577,0
23.462178349819865,96.03304077431957,10.12649459499507,4.9837735967765,84.06508662462895,1
23.616730131053977,55.151020315500965,6.014053466610173,0.9550375691581154,57.031726099180375,0
20.663492435797686,86.15375689469442,10.765404505931757,3.0099825044138955,32.61942916338609,0
26.06872008571247,72.7902152577034,5.470260214051425,0.6473760883505726,15.121913434649205,0
25.921428262847286,49.58265131575709,2.354452863507083,0.8493653994619283,41.777501062680315,0
28.755560501267798,83.17191297904925,13.004855003381572,6.87495498501385,56.155787636226414,1
20.431419918540193,85.21316051922452,9.820551779647014,5.805713878020535,41.94842340270138,0
22.177655302043465,65.46771950672725,8.783751593701568,2.6099309345890567,41.75536229578598,0
19.308236885542506,83.920022863446,5.079361400886594,1.1583593023761103,41.23078201656181,0
19.86146265196851,69.17319314157301,6.112209818921634,2.788891887512972,46.928575842374364,0
23.214945132882868,73.46488475897992,7.845818829234541,0.8257410304701088,27.154157343000307,0
29.04378484387731,94.86550780507537,12.87688450733875,6.568005558621496,67.101111235687,1
15.754211776348834,84.92688568959522,10.434189663474776,0.2669310672786557,40.60085994615164,0
22.351982149926346,80.09817089342634,8.639881122118815,0.2524953995275481,58.57702343537733,0
25.087466911976932,74.28816500330574,8.675923766122825,0.4751350131430527,32.683682610914715,0
24.31958318640114,90.23746734125821,11.294982621118555,6.253227274526141,59.13906952388946,1
16.7108795339118,61.83064329012764,11.003138277701424,0.34124089293012766,53.55442801105496,0
28.41558322894581,83.20712992371263,16.510807218919794,6.617838538785438,60.39307129161053,1
23.94306561430208,63.62612872693482,9.904164405685309,1.1677471905297245,47.793490039053324,0
14.585066499618133,66.34678448687892,12.85163772490587,2.421530214093777,50.01824853681937,0
22.932722696794013,71.25224502647907,10.475294794002904,4.537581768657821,31.680450825055487,0
26.013877602238267,100.46598966104972,10.437683171068734,5.4189401672955455,42.16554870697557,1
19.418759904148143,83.01741289398798,8.042819203509302,2.5803951452339797,31.869856277398704,0
20.58688508314503,54.070062664683306,5.5327402028533985,0.783347643092252,37.0251779912615,0
21.716087591373952,81.28889153682363,13.02458925410251,6.304612303220461,57.625417829855046,1
19.133378678198724,82.18761851697317,6.927663731568718,2.6988269343802895,53.52202678867144,0
15.366594072976344,50.33643410623998,4.742524613344443,1.2928165881310967,23.9972889549629,0
18.8268672131323,80.44160877069072,7.090460651497174,1.1506963693090415,54.36335405705979,0
27.556834553526812,64.6913122707968,6.952049611645408,0.015043347546822064,32.87779236350949,0
22.649375768745923,66.50742295681572,9.490097669709565,2.265085315606359,36.23699275075004,0
26.373753973777504,88.41324753878733,14.002651377468814,0.0,57.446126298061415,1
22.642281232390612,80.78680833431295,6.690842328420294,2.1203760421795494,27.073746528477372,0
19.968514865463664,54.29499396376823,9.51641047749988,6.827604937928589,27.007836365541756,0
26.569089569224076,81.89016531107552,11.32909952586867,1.7882136253857075,39.60980480622456,0
17.866991896128727,64.4969484615458,7.678093567987314,5.9543119684864685,44.66545311450127,0
20.269686008295,81.96571501664491,6.589873556721495,0.4754257287155892,32.853193230095684,0
22.089268418487237,95.89563642018614,9.020153883706671,1.2934392638239887,36.8176247225738,0
25.832994687365275,63.118496548222765,8.003616426086673,0.12954129575855944,38.96568775709716,0
21.7766622527015,74.47708560017315,10.685114942228346,0.41461996220151853,26.578722515148847,0
18.450224462002673,71.33540904782282,9.315427216429182,0.4066869729058099,40.07178466907942,0
21.102977948602398,73.7721187506452,7.888889608854764,0.007991463578209805,29.742473163597225,0
19.574519191320437,74.40014450053333,8.24731925880351,2.2846149630379213,28.181258745791986,0
21.54464471489325,81.89470488924641,10.175287360543992,5.4221502494988645,57.120402840178926,0
26.433682134224547,55.51986099583756,3.4858388779069935,2.181956483864969,57.61188124867374,0
25.53646805781305,90.16203506670068,14.688107843126932,8.330703835247062,46.883465274901226,1
17.017117199452024,59.32467085745727,2.240980531407031,0.6705431878433905,34.20875890364253,0
25.284707309253054,89.33931705549226,16.73940221530837,3.807177184062241,75.10735800895003,1
21.656380464242147,72.33785911790747,3.338723701951807,0.5168250801057884,58.97767016745977,0
28.277161827056382,69.37406872100478,4.0735388026426635,0.8134932055426083,39.64174421293537,0
24.254161370115366,61.15197285973099,7.25892289776201,2.6663337694371347,38.184968378643326,0
27.26261922452957,82.57971667537832,15.103771943644308,6.091573427064711,60.024285470354116,1
25.470434650170517,85.07672607576369,14.961489159535969,5.843560148501742,46.976085576025014,1
21.29758912915246,64.29253706250523,7.276227036144372,0.2825587743393415,19.74192126888623,0
19.064881667154904,81.48637349428715,4.9410069839236535,1.1785473416728918,37.6049807797825,0
21.33709120140033,56.8816376764984,4.954717424516394,3.2423461461560885,48.39468504518405,0
22.783165816539668,63.080919301187556,5.611922429589533,2.132666703934171,42.57975981221181,0
26.897233911794906,94.03415585238275,7.407984739078022,5.439286292581016,44.96199187363317,0
21.134024083239584,63.37099082449052,10.623167542138184,1.206662124874423,27.77104980444436,0
28.96950382808959,90.12605433770041,15.679327728862377,5.740423779883482,57.1369167067023,1
22.084955128391382,81.87386051564751,10.371115688155134,1.6156708943865397,33.21356938705897,0
19.480834473457673,64.42508214992166,8.001583876569791,1.6756133001597124,32.201470537783614,0
26.58865095838184,66.27166847908234,7.7852022444258,0.30093396815668827,45.913492417584,0
20.201822063667933,56.301970204209226,9.803620246787345,0.37366208992268674,50.81984809249942,0
21.976082076050147,71.60573981049865,3.205626944348757,0.24461204528411826,72.43092969594733,0
25.42846844354506,69.59842049355656,7.366609283516917,2.5875336616824085,30.35294574249285,0
24.73849182079454,87.00781209709477,14.700740432772676,2.646075774460064,63.15901258946462,1
18.217348136994865,79.98010109859652,2.680902595379356,0.13253449480013524,49.778155496862006,0
23.711796005779476,53.86438602123259,7.456327480345691,0.5094009069180114,25.258678679578942,0
23.627680130757895,76.32931817755511,5.076412085988076,1.497141851585565,41.89479821221081,0
19.3484276913966,76.52322878413419,7.223611811998693,0.38985808680626166,44.25843658629829,0
26.066913576414855,96.01683114180395,8.750600618755083,0.7857348544360045,44.80908092748896,0
23.07133771453524,88.8115706944059,7.750683282113916,0.10316254496464185,43.61661061247017,0
23.83175723585147,80.29960817581161,5.7000302366499564,2.623607698742063,46.33326826071239,0
19.450466891605625,86.07345576019992,7.245383341866513,0.9870526296972697,40.97670376748336,0
24.044502092117874,79.85729995679863,7.160719494512497,2.3684947635928144,47.83589664798607,0
24.557300004388672,68.03650150915021,8.293949460412687,0.7709638708116608,26.632745611240694,0
21.375633248928175,67.02436496640009,10.401228575683046,0.4893609491732813,32.04442932059118,0
25.406696920541798,41.51457379369924,14.693900438577897,1.6849091714086974,27.23695583461664,0
22.450905284385634,75.159392177041,9.02176764920149,0.8161274074253689,16.09695632530562,0
19.518307169343032,87.4957674318694,8.580769734102633,1.6255881431617247,27.064923747959043,0
18.822359434333144,73.21697806196013,3.070433566537498,0.029011993459337273,40.72874098015515,0
18.76676566621208,65.71884839034088,7.141987334359667,1.6528491904668225,34.3939236315269,0
26.481422876864368,87.0223253240807,13.077660535930763,3.665621830444989,59.63650749195462,1
25.531652097502526,96.10141448208859,16.589971169633912,3.2253410822884576,69.6838156826129,1
21.881334538430036,68.12855734995452,7.163111209004574,5.676760075661255,21.481572684253415,0
27.72824992141039,51.9801956241998,7.427288624818104,2.550750430701247,50.6977145498385,0
21.66301585092751,70.10352619843381,12.74162205970512,4.4107717277722625,45.33359244705449,0
21.67371955462943,62.81592734430802,9.171394549786669,0.30734841775604854,52.395840064415616,0
20.40849655716842,63.90487797840717,7.297940422679056,0.49612663885302577,48.721970000729776,0
27.459654070733666,81.27146283570174,17.698724282772762,0.9601453356877272,70.03260195819327,1
25.175273460548762,71.92049116490031,10.146143946323733,0.03793311586698059,41.49363482271189,0
24.302304187458727,74.71415556386404,13.699645804685646,0.7964356000111084,59.114190871397234,0
19.856945745920896,73.9348538542175,5.988139372770066,8.342515854222558,51.90548594343596,0
18.610879436027147,63.22284630247894,9.753238941417452,0.5935574288275389,53.03507931934759,0
23.152196346817924,73.88578604530964,8.49428252370955,2.0840665598879347,47.31380252574992,0
17.18066103922728,67.86557129069791,7.458824954712776,4.111274975476475,44.24066861518451,0
21.253107554562778,59.07687235327421,7.9422188607968165,0.07732369038535296,47.82873734948573,0
21.776699712699862,70.67855510527403,3.9841826008302537,0.5292105173816685,26.331416367191736,0
27.48301129449357,95.1815144603624,15.028125104849552,7.523038505071032,71.73944739474777,1
24.925359200253254,60.10371863429663,11.18062972249664,3.304371800810671,42.327867429401635,0
22.706843674325697,90.56207129940321,10.03811984886951,0.6675773001284736,27.82717307779521,0
26.52565728708737,90.22179398757804,16.377193646174018,5.135677027833875,40.950021039091865,1
18.97574106724779,72.68592278863257,8.958955477756932,0.6404594179180709,37.59334825469787,0
25.112619832773696,73.99687951752642,5.508666780330304,0.9218479119546278,36.00100937868863,0
23.915777376332123,76.7792587133927,5.946110522719988,1.1867873933091064,41.03438129308106,0
20.754136258297596,78.15737212539297,5.967306042993035,0.6754422073094735,20.314957865619462,0
27.264382545953094,61.96821049319655,10.489197253637524,1.3836497444318288,47.60846654311478,0
20.45839924798992,72.67392314071903,7.690235719552858,0.10268357715342025,39.353113949674814,0
23.512139546553534,62.442548405071555,8.69210271715605,0.4006933158660465,39.16282040150788,0
19.854088872220096,85.00759790634311,11.302878904995714,2.7243894613841855,10.70551309997732,0
24.572978869606057,71.22297503032284,6.02565053277423,1.2580480220600827,31.84624371683879,0
20.380720959071915,62.65408423201951,11.373060079611509,1.3313808008572021,34.19351697446049,0
24.86200529047961,81.48765700372104,9.914153304322271,1.6976252626464494,27.116923825364623,0
16.037293256197323,69.34249738927012,5.922737060378433,2.222950093475816,50.61370964873134,0
23.565824696850694,64.28821010217203,10.90837160158021,0.05963902752081894,23.173413058773143,0
24.241880815369786,63.610382523104974,5.622740237000116,0.23835630618664932,21.68317752793974,0
22.167174736866084,61.125078221978995,10.086613272697333,1.610117960484377,36.34494063014734,0
21.257444093345487,82.81016361735112,12.359781989963103,3.390581264983684,44.72630345843406,0
20.222818227283394,64.53755551747517,12.452348085607895,1.633840871995997,19.81512135611362,0
22.73489971332617,63.98632356048786,6.427734806196223,0.6727243746847422,42.24339656778083,0
17.73323887120698,66.62914028881961,12.600301103888977,3.9598283131561125,26.841841835724928,0
21.709860664388824,62.527883208521764,12.613795755237659,2.702234836156702,26.672226025203503,0
23.420777291905544,69.5228864385802,8.861372495605472,1.6269262626175234,30.20278775283193,0
17.77461611090932,61.7311964596014,7.1850346690218405,0.7490965270750011,41.72254386411038,0
25.29633055596157,92.90942572590743,5.711825664301357,0.22126899470207845,31.875976510625797,0
17.955443733682863,72.9355793216663,7.311827767795917,0.04360638251941065,37.200066981255205,0
25.282574555412847,65.62541699676589,10.547306332229432,0.1090304681698967,38.48700779767478,0
23.4901424590337,63.76859473575236,9.051890297820677,0.8062039103669627,31.53149033874635,0
24.045858913884892,83.84272818510519,7.206455476068168,0.47956514185686666,48.79417041137403,0
18.15871194251115,79.13584626233249,4.101256289217207,1.6258161446979593,48.875039674140595,0
21.39086384187102,60.28385961489349,4.009059122783031,0.9353804599248579,32.40296882519713,0
26.235661288711256,92.4649322925723,16.16011211827862,5.821100170655233,61.894712992248,1
21.80176060405805,91.57308213265503,2.089688546864494,0.632294984879363,42.77358461964676,0
22.93375046363061,68.55912444278384,8.554221736687174,0.12334417506737075,31.6307929620372,0
20.649803585562267,82.27668992473292,4.431764321398017,2.1442766203557975,45.96441137581753,0
21.76869487175769,69.75645407739017,7.0758971474427765,0.03402175992382187,62.71449745422796,0
28.571366877429938,51.10459269054469,9.325821948708228,1.5174452794856368,36.5909212265392,0
25.538320362163862,63.50722454933993,11.117335362260807,0.14770401539131137,26.271405485189362,0
28.18224377464596,80.9131012059427,15.237846264838748,1.0695779888396066,42.586611478553884,0
25.50334618497942,81.85704154662997,3.6464729298453236,1.3552371631893136,19.244119909214668,0
29.81241650411459,91.8198531542637,13.034344818386163,6.663233572360808,60.29016106217632,1
22.291232648044122,57.19695601329106,2.3744825910627663,1.4532474104029265,39.46095150994261,0
28.08763693428763,95.02962255898208,11.687168366512287,4.380700572023877,63.743222843971154,1
19.42852733075115,53.314159261224106,12.846748470644695,1.466224625983449,41.26177903661967,0
19.055474046856148,86.33431532301096,7.9438737306623075,2.8713729823007097,51.806409124521444,0
26.22537806842224,87.3813434861429,11.827890835763828,4.401636455145131,67.76992164587178,1
20.06464073618463,71.94089992898307,9.654456128121403,0.936099324699722,29.24687606950762,0
20.5209971960235,83.75706813311619,10.262873989440724,2.401410160977705,44.24393937861012,0
22.205688924418084,74.25457561784965,8.699648393790504,1.3569259456937195,18.71265905585188,0
19.513014967233783,60.08607650543693,5.974465175076856,0.3545463529122623,38.020622710153184,0
23.936127848755444,82.13097699979184,8.067397678436139,1.2016330760047034,44.08052846836756,0
25.474332620500203,53.07043185804615,13.401533544532562,1.2809868293472408,43.467099776049196,0
22.779648382745272,59.983799901050844,8.479569175992202,0.05138477284136968,39.225565392740066,0
24.914712852863065,66.83591550305198,7.211327512375197,0.05330328984707247,35.68874430424901,0
23.015489222483243,73.07406697809101,2.8225798136282094,0.6480658184697249,40.34713748752562,0
26.649803215052618,58.416353108074574,9.084510575618305,2.2577874171508263,23.1265565288929,0
21.811962708180484,63.31909546356951,7.472436786703787,2.630469677817638,40.73196991001694,0
24.890128387732965,87.3596380316525,11.913020728634457,2.068584401443668,24.230035178090027,0
20.198083930243584,69.83577103927247,9.101861940204023,1.4850127065961378,43.67619840209711,0
24.91766334888019,63.31855914461006,3.8568661905386756,0.32245682205981585,43.60647891435795,0
18.262783663864035,69.61491530499293,7.671170588222507,0.8758844825018839,34.6783143687281,0
24.85127151455815,75.68983079185276,6.64025477293096,2.359621462296875,46.92855755817811,0
25.723306123397684,91.38290752795524,14.590559881241736,4.8937863966061785,72.92154788449207,1
19.73879150692753,74.24165946401916,6.767557136136245,0.06178125893541441,26.14012057601002,0
23.81802985403692,73.67365506816178,12.021383155371044,0.025097516606424793,55.280313593878326,0
22.68237980381239,72.08382807947552,7.614387465683208,0.6891231370796684,34.74120324104796,0
23.02345592444993,91.42270358611864,10.338981596808019,0.6704313637879993,35.95602576816039,0
26.737638446522176,61.67644426895771,10.017721103608194,1.0400590652146258,29.291475813155614,0
19.822768560539604,59.90269295290062,8.79046164599318,3.997452019774181,28.977302595441444,0
31.236642425365712,57.90305257158892,14.070818657688918,0.8772415391399992,38.59624941094663,0
26.693930967442018,62.99879185060827,8.583822365711729,0.012598280568175184,51.373145423647294,0
26.388159102955573,87.71183375331192,16.34688455326489,7.043030785563728,48.13677312458152,1
22.589664329534724,63.921780129055676,7.2351326193389065,1.218540445067536,33.11114457424594,0
20.014640605694836,67.40957854179297,11.257358974818041,1.0055987329914027,41.75286778933924,0
24.34546861533193,67.18899707114045,4.916974577222126,3.170251835905184,28.04706236400755,0
22.81473651158612,69.20358608754285,6.520631532800683,0.1270785937559074,34.82307427130785,0
28.431832267975977,73.81935452231554,15.933030041051104,2.7316740560251627,56.95722877810866,0
28.943975700020527,69.53079421120816,2.062100568872637,0.4829718584421504,38.884911728570565,0
26.987060408372688,86.03738276442394,16.993420814891962,7.6203838161617945,61.46719939639961,1
24.778532642594925,58.298869739406406,13.413044329360229,3.52074267563761,44.968735905075974,0
18.813088858821686,60.33023856870787,10.859409901739735,0.46108251151364854,44.58168114788699,0
30.21329487312391,87.37184533007307,13.165139236021135,3.7166663597392353,79.80621014675751,1
23.86542988665159,88.73297776217545,8.911455786814628,1.5387586785570395,31.36506395035066,0
24.142001482276275,85.73986763290033,8.84048347645882,1.4495069413709398,35.96924010934969,0
22.51410484356991,75.07274031107298,7.493534830429968,0.30398636207314356,36.21992100981783,0
22.978399066726354,60.016145608117085,5.234420560624061,0.8098498679089376,36.535734939931004,0
22.772651172168292,75.69767280232205,3.2564278939035995,0.5649378254629489,53.99594645145793,0
24.491007449632736,74.90974951638252,6.207469415925075,2.7574156396689795,27.355015930450342,0
19.482347430332084,56.40143859020081,7.587654456116924,1.5675419129771244,18.4761645539082,0
23.868549797042498,57.90358981308795,12.92801885976789,0.25172683516844774,33.65714152310597,0
15.79767369988037,69.93929088460106,8.520024993111225,2.2226982094782954,38.57853463059454,0
22.554508371084623,86.2467845846956,8.718213501606131,0.7527302308066166,28.76505966760402,0
28.857025379596845,90.67669173946146,18.15013007869708,2.8897846490391013,59.78851551139993,1
20.36685182642445,69.66873027126204,5.193683893866214,2.3608029516838864,46.032475005713934,0
24.272523130141916,66.94775295645333,4.227266423256151,0.48748346099490836,50.57368305378225,0
20.269324391430555,62.46582129653817,10.058955370870102,3.42986782469315,40.176132519336576,0
17.01543981319312,65.12088591854297,10.371876797488305,3.490516998371258,60.42076040143744,0
23.44302769521014,58.04116937964815,6.3250947381619085,0.7742793395683012,56.087808557343735,0
23.779303773905152,63.97787939638219,7.749686090628917,0.5505564279583761,58.55503314794263,0
26.672221736517955,85.12939076891816,16.299344037757493,8.270132789055038,56.46125206031814,1
23.238794362826873,75.50052099024552,7.923277063424017,2.030110405896105,49.58385819842042,0
20.84475315875105,66.0666118767264,10.033625958592722,3.1476363042062143,41.34296497247793,0
19.40802769096055,73.91804005402547,9.06684004635698,0.7944966701566589,41.450637459593814,0
23.502751562873144,69.72695460490068,6.689840791878213,0.30617444222839674,43.216785413765,0
27.276751458460335,84.72455315911652,12.243473494353067,4.444911487368897,62.07967775565127,1
17.993966923869696,61.536433450091266,13.15813371862189,0.4127048169275558,33.70115447636189,0
21.242295545820518,71.50418905143576,9.666813398010346,3.4148770642185475,36.729826823902286,0
24.66889238687031,64.95225078771783,1.3420988817573942,0.061449974794387296,42.99647687837348,0
22.633052401607856,69.78632705651565,10.456332931264582,0.03598995697321298,52.49504900706159,0
20.42643920116068,73.23167714184781,9.031363644649657,2.2938480937222754,45.859042011646494,0
18.987577699743795,60.96298139269872,9.666537939026744,1.3529968959085263,49.619871890718414,0
22.297996916287676,65.5671774880849,14.299165367499546,0.8430668544809832,30.048515181466207,0
19.180360641017934,67.09725455811349,5.514508925659262,0.7348749179498455,48.20158186755484,0
19.27592777343637,76.5854427267283,10.128355451417118,0.7460236944925273,38.27198262603535,0
25.309905646049565,67.18672442881787,8.814485932476945,3.042090949690826,52.302221756507876,0
22.61039090760167,84.90726136849952,12.118545424029591,0.30820056804676055,40.39447048240739,0
16.387624236922434,85.28468426412532,6.487460506976985,0.07749192782025735,40.07880184694728,0
24.152626767387886,79.56702316794585,9.775442401224135,0.17748796141672543,62.12531039397242,0
22.037777202345385,72.78994162223802,7.597162513441088,0.504694247086033,25.20555776860276,0
20.44518934517906,48.01194043379918,10.280167891068807,1.3145726468875771,39.996863273882255,0
21.44302307000855,72.1915032766394,10.226382473215676,8.8077801899414,37.88333018068823,0
18.13011730077684,54.74343685429905,8.02118947588453,1.2214154478106711,36.281421177213346,0
25.48949125646488,76.38730222029184,9.967702329589283,5.554049784896203,38.16849528946705,0
16.143736601432494,79.64087168288357,9.539256260291879,0.2389782538694315,31.232262187881553,0
23.558039542723517,57.56136764608715,10.552693886503917,0.22836994143156858,33.04305122802936,0
21.942951376291933,70.48860070325705,3.9623872295803553,1.008912712971798,61.24771403016962,0
21.678908920136326,70.28181157369129,6.874410859028189,4.885346543770397,41.78694716810475,0
22.209406254970055,69.35861653407008,5.681366996529173,0.11052614453526155,34.98215807188468,0
22.725886814698104,85.47505201330061,1.481991361957892,1.3957285936991037,41.84710474781083,0
18.78732250581666,73.9922312260528,4.296953384360234,2.1551354188641323,37.77525103221735,0
22.293028295646494,61.64652946740243,12.26824440829982,3.928489378560806,52.59233239786799,0
29.213166771655963,97.12247910623474,13.230114223179838,5.7203283678915335,52.73822258122773,1
22.387663545925683,75.88578404420609,9.264759831843367,0.11986902770118475,32.90211007766465,0
17.161852386431043,57.1700777581143,8.717740592333449,1.3718213136909614,35.86384334370357,0
22.98078212129249,66.35047270457115,5.972875762515164,0.385286352054227,30.066413004180493,0
28.69460037508742,89.76314648727782,12.389656496514247,2.214529055666007,67.29277187342909,1
18.68042227377499,69.96625542589048,3.9021328663983974,0.8391257091041116,38.03719348612063,0
19.60931423358857,71.84680305864909,8.313067812569638,0.16548340406981346,35.02429161614793,0
23.898345598318855,78.60473488359746,11.582328209142117,2.4576400265476788,46.549755842216896,0
20.71935679015774,66.00363814385398,6.928912397580172,2.634317612579454,38.04609648822976,0
22.03900567563372,70.380034781682,6.313495920265094,0.5626468187316246,41.95481731553291,0
22.31929068307569,68.78252491616716,12.601183129749497,0.9925325752494655,45.82571318808805,0
20.885677402012625,60.405607632765204,9.505348208502635,5.749456440230286,43.79639648385965,0
22.744661758901007,72.825799504883,9.38618267975569,0.13273599259302224,44.20191542894992,0
26.644557930768578,89.71241123497269,15.885577028280151,4.5378610450846395,52.96303718684386,1
27.49437629756306,59.852432693071336,4.583500646657693,0.6489909877265141,48.94647187573872,0
19.537953044944867,63.10812181910432,2.7544040802854575,0.5932110891143839,41.390603986534174,0
27.29636272084329,79.16327674702481,11.378150752316504,0.048387782310907214,32.82983850872064,0
18.963686874219498,72.24684725751887,10.671149490559358,0.06422850694652184,35.48050628088122,0
24.945257030308188,88.56602882130865,13.877848657295248,8.438081225683643,68.88795460976642,1
25.274520555767385,88.54092566334188,11.707434860020816,0.5900332806599803,50.0163182520856,0
19.697957311335852,68.70179300266574,7.051781431918851,0.13655738640630233,32.80890548550814,0
17.397657487793133,75.38755992446369,8.122757526187163,2.6364984588427616,38.762673199002435,0
14.140764687730767,81.95046628924842,5.772588242905855,0.3682129629455145,43.385528762859146,0
29.38972633745586,77.09003757588512,10.690517947596597,1.0610506493379481,57.96360822926964,0
20.667120219771665,82.38283071433636,9.951350277608418,4.071466657112937,33.29884799545767,0
25.06791312744832,92.51626032374753,12.844158446334578,2.5593586201120484,50.24010258947425,1
19.304755985954927,66.20872259012513,8.98023429380696,2.081036973479696,30.141961913321733,0
21.516142865001974,69.17848821607431,2.590580971232165,0.9634564587250345,49.13771621385585,0
21.422917105656634,69.10264305712774,7.194408056282503,0.3122353356663878,47.060789138151314,0
22.347023902878576,60.960923585352106,5.016951876174463,1.0718037151658406,39.64992389993764,0
16.585353698006443,67.90676322848134,11.963912096819037,0.5348882848523189,43.2910677871013,0
18.89427303274188,69.90881003355797,7.0468547097312975,1.65333377671858,52.29214784297051,0
23.543316502176246,69.44230922342294,9.80956229324703,11.58529428309369,42.66818396295402,0
19.893840718367944,76.50201177958661,7.519601613300079,0.2792793333952682,51.21857856230471,0
27.553073367344613,86.84987510233053,11.685766762573458,4.309670589100407,37.54113532232033,1
23.539802299340067,64.35921369263272,12.021351338069433,1.6682644279411538,44.16446038101453,0
19.523508409622465,60.175126064616904,9.177247901536301,0.32567981497276954,18.100782950214466,0
26.590982952661506,87.01685470694134,13.644164248391204,6.436834846943282,64.61018425061955,1
26.310351537438255,90.63133868117033,14.199773908818425,7.582547678031758,43.70810551227885,1
26.668336460371393,87.67709460942191,15.324103669516946,3.3222146519485274,70.82855228157212,1
27.630387437674198,52.39237240844182,17.329755668016084,1.6024575583729561,34.71702953337021,0
23.000986315860846,57.03168052044153,5.575202835077221,0.7282512214075647,28.159694417774404,0
21.833245987268636,57.757017637106344,13.385634067736966,0.18555573719499324,43.79767636040896,0
20.823675540603528,88.46636996047665,8.639589884713068,3.316507116272188,41.96131459023907,0
20.60281073928923,54.84255885002768,7.638856508139205,0.1839204851904103,27.450773319977074,0
16.860596412727368,70.34083468259226,10.011441851723639,3.8025259195588905,20.217747506251897,0
18.36695140071263,63.94285076996662,10.677792014897928,1.9807605332472398,39.77721020816287,0
21.096688913232132,81.69295590445672,11.485634907824572,3.212739997252047,46.464895377257704,0
21.65305515283528,80.66674689589154,8.210156489339544,2.8962635657601847,42.314459225255725,0
23.88503652779284,58.964106827842286,6.525091443103857,2.9729602502367523,39.6771938895053,0
27.690378947961843,65.16114165945679,11.38011541048275,9.066220779064851,39.2433439567417,0
21.428983965749175,79.34319911239274,8.057443332247257,2.0865210436012624,22.136245346453133,0
29.20214578482628,91.04767115131398,12.241434435176023,6.74564870201127,69.99404508065285,1
19.06370885265308,75.86364018755093,12.204795778839287,0.1894400739121004,41.82501030599214,0
23.479953702642668,71.22670315994796,6.2598402758898715,0.6106022411909063,71.52056734512085,0
17.753887773848756,67.5876394214367,13.703572057259022,3.2990673152994803,39.97596159081146,0
19.105229618259685,93.19329539981695,4.457561554073465,2.74120801185722,44.44773807831595,0
21.20602950028613,76.13517972730416,2.949685423337149,0.3959838275876324,44.35975389500046,0
18.08659149848544,70.81829358547564,7.330393236095585,1.6969812261765844,50.29457481598357,0
26.653455926567567,68.88773938651299,7.314200253979944,0.6242088124984625,30.10042207447986,0
27.690981795278514,90.82147382685285,12.19865723497504,4.799048558856589,67.65236203372775,1
26.099294844411673,89.54146987927437,15.08181703712198,3.924708484440367,74.32903855810808,1
24.165016192129706,71.40886246911204,5.108723221368168,4.3993121287277965,53.25432109095078,0
26.36060223147195,71.20031326718261,7.372334378766417,1.5934581719244998,39.01154798760694,0
20.592473043685885,57.760597332377436,7.772707140393621,0.9986788620619517,43.514799003522015,0
27.175915056464238,90.92844290209369,13.454910557276381,6.837829709316659,60.5101214434222,1
18.169754272539073,74.52371796249734,12.330896010406443,7.355727345851312,39.119087559709264,0
31.198151573401514,81.69458292216413,14.841399262036958,6.046446371474066,70.96438464564324,1
18.333616573324164,65.33963498131757,8.09839098623476,6.958447858844382,25.847328080758125,0
20.422734934957717,95.79709337654319,1.1114571405882856,3.1080647456060366,35.847862320947286,0
24.807280560226054,93.77366649033905,12.309692083147683,5.772765307696122,34.63992558590322,1
17.944946183151,83.74876419148185,5.504533375308666,0.3557228908370416,54.473056993918064,0
19.876991603143658,59.46584436826344,17.41324560097998,3.258565161990786,39.35815838711181,0
25.018878427643322,70.32004149065767,6.7788910612196585,1.6051706278558417,42.25761523111754,0
21.558827855493583,79.40771187988216,16.278980116733234,0.6965507463011681,32.43236022984074,0
20.313137412277083,66.12298440064016,7.7284001530875175,0.23119945840113787,68.68403055666768,0
18.981947855500895,62.46035411133324,0.0,0.9199283699842553,34.68545448640785,0
19.42492665945636,73.23079273116029,9.499055330908801,1.132344272220697,42.42882013150275,0
24.058780571123542,70.76821891060256,4.781770922780581,1.5156562312385844,36.12300083591439,0
30.160507499768855,59.77207434801595,5.582389800511434,0.021728792058059016,14.677539147803145,0
24.247892078177898,93.40110180238345,13.86093542751546,3.395439945720913,53.70847871012174,1
22.20258461406377,56.20680771985473,10.21643144266251,0.8152083099513607,42.2899639245934,0
21.944460592022832,62.980083121932445,6.571337379366023,0.39170963702777684,59.20367502144261,0
21.235068347737435,85.13449743242131,6.392595610843107,1.082614587326708,32.00059493298066,0
26.659602968117465,88.26348855521078,11.134657420520695,4.393299865045732,45.74904753800809,1
19.533338813300706,71.0537550614596,5.915860606732825,0.9900934470112359,42.29074688205703,0
15.882303466719698,68.47530163619456,8.05884997308197,0.07633118092604817,19.135223416289154,0
21.53296829382376,75.36652752527286,12.533464790742043,0.10440165978211918,27.715561687342372,0
19.696607304687614,73.24359281721603,5.243940465541717,1.3862958092045368,37.629880299873726,0
25.16140615610471,72.60673765823907,9.108926576594282,8.149869288022224,51.01322957735762,0
16.92260611085554,77.22381357827771,7.118099157007453,0.7544333000740607,26.042107978075148,0
21.017013560206696,69.00824136220618,10.014020229351397,0.3253232916912553,63.20040722017259,0
23.18335642713489,66.77320161157864,0.18735843011859732,0.2840625396945874,44.64369863546574,0
23.084908075142902,65.53566385449471,8.369614420353457,0.6920397209560821,27.929783521427844,0
27.6460734894251,68.65982833327082,9.373318598455658,0.7013090703229172,38.500592809208904,0
28.3991001239688,67.55843364709351,10.85937513612826,0.2749670300909426,52.20821298813048,0
22.49935662463917,71.26379579546412,15.280149459036567,0.3702207852001634,45.72006278300473,0
26.507071156288085,62.140105394920504,6.937877867176929,1.4059632338498995,36.39960731243017,0
22.696761091483012,63.53063222294426,10.757462520830003,0.590209839813204,32.71727797593387,0
24.465707513125672,54.76813095216225,4.039932466337882,1.6256636422068556,30.620744234636014,0
22.587535765293044,72.00569197230944,9.6938177776808,5.463017467994975,39.070557933864116,0
23.099794738290544,79.19076482987768,3.1972880645704533,3.970673628942719,28.569806879262714,0
19.459618845794786,72.24451818559972,6.578481958787251,2.99743667539983,34.49884717063461,0
17.69241354646168,81.8703030556038,0.0,0.10405170546228697,39.519114926692275,0
15.924572240027178,80.30283454031843,8.76121898448372,4.863222317262287,41.56693728246525,0
18.755355989156815,66.97530313511872,7.200043012296756,0.14536205493058202,18.674043738451637,0
18.493965887141403,88.00940432910815,5.84254004227274,0.7238402349147404,52.300005727191504,0
25.076053545482154,88.31723705060914,14.77474296126598,4.788362485004604,71.95052890606112,1
21.28315585940077,71.19580368414154,10.646999186970227,0.5650499040313242,36.29417237599217,0
26.360153431353105,66.7767953078866,9.448063661627637,0.16278592466097386,41.8125116260205,0
20.56702765970465,81.73473857485325,10.936574152345386,2.4785630495493782,38.762710537251635,0
19.028391024607934,65.47693680750923,4.728802767671462,0.5884793858037892,44.283166923752376,0
21.89586469088427,63.2360769794073,1.5445537960120852,1.7868620172807699,29.73630792334108,0
26.100622802333575,74.86501643826202,8.455273976746222,1.4620303974244926,37.77279299223393,0
23.84780682083279,65.42903743413729,6.049928196779305,0.37784719335312394,39.40584818727506,0
21.072362872446355,77.46253566027221,10.858623641608816,0.11549234713518745,48.76455645502936,0
25.725276070894378,89.60884670470742,15.170598873032676,6.5324859500810195,52.75635240809223,1
28.28260737373951,97.54565506702275,13.318802586180277,4.080686455454006,39.52467306860047,1
19.6809706484336,91.45149127773388,10.778646206724776,5.256167604678273,51.464408704007276,0
20.67986653990905,72.01099046714967,7.415275158941957,2.819784106993009,45.114995753618615,0
20.618083687120638,68.32881919683146,10.92559288934729,0.7361083050527243,48.81407528923571,0
21.35965854486446,83.64140429973844,8.465572051576938,0.3280163378433362,42.869558543017085,0
23.15595213918651,78.83659937486672,6.889966910353617,0.7395533925721629,39.22778954776955,0
27.539804279057506,93.23003093557276,16.28858613711988,3.0746979761620477,63.61860372610094,1
21.895945337839656,58.20960208840198,6.747899559184747,1.7210695509602967,47.4990023942371,0
22.768089202941628,71.76441555277225,7.605582212984997,0.7043383214590719,40.49308331520223,0
18.92683707599713,74.95681887972604,9.93564675785017,0.04572902619303527,24.02400830404568,0
21.732639881461633,78.38490774451643,8.7318595937255,0.4056147991081752,43.3868731792169,0
19.666549937227373,80.88748619704185,12.34549768967878,0.7541753159080347,38.6993970644638,0
21.937295218107554,86.4201516013637,2.3191559991386432,2.9999357730551135,54.974316831796266,0
22.731061634475736,56.65974505081795,6.7721526856606875,2.7323734629147975,50.74318012715561,0
29.068191587896234,99.74171322394906,12.821335537145277,4.548687238575496,58.28038746740411,1
22.890954019699556,75.72582781356158,9.281583085615054,1.6487319144217623,29.759714091136203,0
23.76057128140081,65.5381656678522,8.505964015900183,4.197006989026581,34.806036281738734,0
24.50176646364671,60.44877420650647,6.838608050631456,0.7587376265128042,30.15006874182985,0
22.972251908184386,73.68673308872901,0.0,0.1039826934054521,51.70198709196604,0
21.520184410109717,75.43298029036387,7.088821913670006,1.2988045141473434,29.33765068100775,0
25.006153429859665,93.51713958393654,14.59315387706061,7.623386898545322,53.89672133243438,1
17.17755029631632,67.52822617479403,6.3538252767771155,0.04746681219195571,44.004813865063284,0
21.17484490854507,70.56649924897107,10.962003549767307,0.015506620176117678,34.28253958043938,0
25.713448935920386,54.44104353796373,10.453668974075086,0.34892164362461964,30.521072827310135,0
20.466352970706446,76.4828043384386,10.006224966777538,0.6575195167701123,44.93654847643151,0
22.290987894978155,77.58928589786765,8.179797890798985,0.5489270444320705,46.87065795858916,0
17.763088895994127,90.1020453876635,6.69354088829047,3.390363181330695,47.719201548366755,0
19.316178093341488,81.39878561129045,4.032626129769289,0.33758377665357886,49.567031863856585,0
23.288854657397756,70.24219456672758,7.958486761717288,1.6687815663018535,35.19166210488021,0
25.767268376720562,59.934574347203586,3.9467769013759355,2.8514362884039954,31.90619178917246,0
21.57286154493612,74.19019009366045,9.91517577682515,0.8431394675272337,47.44185710315035,0
20.846333367310525,85.61511196726853,5.138181741810065,1.2541594860336012,48.232799156777055,0
19.628576633664064,81.96631486645651,9.318503691860679,2.528434020573271,50.90861670603698,0
18.015441853304708,75.9065483069231,10.850922775920727,0.6088616997554825,46.65416823691778,0
24.481549747108073,74.36323669674032,12.187051432369868,1.2526907562048688,45.69760357198647,0
20.996496292477154,69.19283419891417,6.891168991869098,1.347824240599024,39.191215021345386,0
20.73943954871243,79.9831089814796,14.169630694488625,1.6805457638922559,29.80304680291143,0
26.511978965748064,76.30811684554777,2.8779261272211603,0.5532693896834746,20.919978628766923,0
19.15180333350417,65.17256477817968,10.04615619713786,1.0174924292844412,53.62562852712452,0
29.12233499560525,82.18482846714373,12.785055424759385,6.484917827185241,44.44400889645006,1
22.879217419896044,76.9822331361359,11.001746954128935,3.468360770716769,61.65056067806603,0
23.76495161945373,57.72392184863008,9.548534861344875,2.1362592064523316,22.523634901717383,0
24.60881776031698,72.40753179488568,6.848086184142945,0.9682398977207982,51.81891092959962,0
20.945459547876073,75.07835756289624,7.755431980695063,0.08131250511759822,36.743889478514966,0
22.0782731506325,79.03934841086195,10.069123415735582,0.3844283543090463,52.906444609225474,0
22.94274199778582,73.34456789987026,8.5714990393372,0.3464840878191696,50.58728529883879,0
20.301106811191683,45.76120673371044,12.23279713923881,0.4710634297745223,40.771564962177166,0
19.545337950299583,71.04201103951875,12.081975787515953,0.08799965661842547,28.88419750486449,0
20.547297781401245,59.60094072874469,12.123314279512453,0.35592424621402685,13.968629121727012,0
21.92762473866999,79.5530520857051,8.430165402026754,2.684011035418739,31.09682151980128,0
27.291597697419494,94.70590933209985,14.790841970776077,6.627961720395483,56.01593159570842,1
20.660455143798938,86.83927691457869,9.638852744011098,1.3046489114757285,48.407344821295496,0
22.904642027000836,84.40117215449473,5.326423323754138,0.1201430263326696,37.573187231879665,0
22.32818438381468,86.69904504351406,10.516821501408836,0.6569813765974544,49.78889558556779,0
19.67863240268928,77.53341621104532,9.820169177408548,5.318515106644557,50.36087651046256,0
23.87700204329502,67.42623462576655,10.894554899292373,2.1681329945023653,46.820694900626314,0
20.319456879409092,48.466098863962856,7.566443987853447,2.4834084446345983,60.67906338163552,0
24.100929638226972,67.47646497873713,9.416006812757823,0.2639737816024775,19.17901296811013,0
20.36524273957315,45.75759739727059,4.632365581266758,5.514868881938131,36.50560672783044,0
24.229792282068146,56.43418195376595,7.869569150558413,1.3129117466546485,27.209692637802135,0
24.138995290517165,54.05296932733204,5.724513995899791,0.03916117760530979,42.185340424109455,0
25.247369447633986,93.5793637234548,14.75881079521022,9.309857354766283,36.0615904713883,1
19.067334265604348,60.667320409268044,7.801602156122533,0.6280708778659042,41.6805980596682,0
25.987318643255016,91.53701784859844,11.626013223388512,7.963921536873071,71.34732531474148,1
19.840467374815873,76.48709887589642,8.715106948204355,0.11807743453193678,31.270389095462995,0
25.723513892956923,91.01617977293016,15.391727678187571,7.386225891702056,74.36759446662401,1
23.42149876273536,76.35171801681969,7.249860456203142,2.795250737778045,50.26986263319732,0
22.485086278509982,92.09852804178632,18.08413930585576,6.527720703266845,76.58749599442069,1
19.552569145103686,64.26299996061421,7.355236909133794,0.2090321933609346,54.8911310832829,0
18.961506638996728,72.85865390724905,8.995940991707045,1.7668419574744327,23.314007411218046,0
21.849285671652588,75.79291499601088,9.8135459790661,3.5982354122366598,38.406377678540935,0
23.030854868705383,82.06508966508358,8.56874484979623,3.4807269352496504,30.83725899436275,0
23.36870393678881,82.08911618326937,16.15369628931536,4.930898752092073,30.759423670163653,1
25.905247841513788,84.3625195052348,15.700158664835106,7.29205515002683,42.25415722898417,1
24.26617367747727,68.4147042697303,8.797634688956146,0.31721129281682037,45.212799050138145,0
30.126815397030846,98.49717991504355,11.211009862281477,7.192139814954797,43.57094221735793,1
21.6162472255577,85.30750832343698,7.429882894995517,0.6309900323590973,34.75432986232949,0
18.286553503519453,74.5353430151398,10.587180417148277,0.15967183798546997,34.66399693560833,0
20.90916336335843,54.374541431134574,9.172087762784432,0.07792311467188501,35.8777925497553,0
28.272382377169592,84.54187413920448,14.69719023972196,3.0676865532591657,68.66967785459336,1
25.2668517909021,65.06243416838687,5.24184622524073,1.831877570727733,27.44864628026605,0
18.54701926773309,64.82388700963828,6.3921096646578555,0.9644085218512863,46.38660168643102,0
27.05669726928934,93.40681163287653,11.61095412046793,1.9101253066464827,64.18625787517777,1
17.859695625355325,75.07991326912544,12.647060454485562,0.7164526676170017,43.123782104665715,0
27.113962145372476,94.50266538665795,15.51312934982628,3.534062201752482,78.03676871974608,1
24.07043197513334,67.05050321707972,8.796087048198885,0.3702129355042584,50.68379333694016,0
24.038793246804026,78.50221742113493,13.875042362661782,0.27900365583345177,60.529720245016634,0
16.120989628360675,66.40707909212941,4.7965912352624205,0.9956583014974041,51.72756845267445,0
27.02710162390957,90.95948867936518,12.084862089969576,5.257234900809933,54.00182641997443,1
28.45954737253467,68.14712341122292,6.1470443136969495,0.6868534685230026,31.760645130280004,0
20.27254527806596,68.13028697014553,9.399075123339003,4.9599352275186455,36.849132688058916,0
21.647215858929584,95.12554576290887,13.082722727797831,7.778048725925523,63.964024074684545,1
25.77376667768887,99.34408920271926,9.256681278282215,2.224262899088396,70.3915354777329,1
17.330112479428287,67.73521108098473,13.020356270895611,0.15845010220311997,46.71531171729053,0
24.02445847649981,65.25096343377476,4.224485267973996,0.3985537494354804,42.97244273380124,0
22.519542777553546,68.2737270005918,7.734911122383994,1.843407806484327,33.92645566787789,0
27.767322049548117,82.14559271437044,14.314255837981882,5.336030681065057,56.53048585605451,1
24.302759149644377,80.7905111352107,15.029767192152745,2.919612560368204,58.7592746415526,1
23.688907710071714,77.59155160302647,4.120181126386509,0.08581698082231025,16.838561370311233,0
25.5082436559797,90.13656689925719,17.354754175610978,8.232600085443833,41.039907480789545,1
17.96664846689717,74.03730090336609,9.420896230434364,0.5880743494263515,54.62195938717637,0
25.431262129620787,67.2318670011108,9.387773878561854,0.9732660251126688,45.13614464231096,0
21.726140259608655,86.73050805837212,15.71340496048511,6.274649366046145,57.7482457311929,1
25.47578673702221,90.75260872625265,10.380466161656638,10.208626829833923,48.616361244979444,0
26.278374879441824,86.1045363031165,12.893820366171735,4.623477329827387,64.36421046509228,1
19.959925835264528,70.59630369920174,4.41908950473056,3.285468334805612,45.05965553455865,0
20.45186581534788,73.25796316582166,10.904553981598584,0.512551821291318,37.40199859232487,0
22.89227441487527,91.1163541796013,12.204339867148741,5.071132148065987,55.807388050552,1
29.897146194512175,60.466713917412875,12.461738466007782,0.875382230134155,56.406145634882876,0
21.920458373652348,83.29152530132431,8.440379035956648,0.8296888021746542,38.51030690232703,0
22.19284005728639,54.434181013402494,0.40913743176101036,0.9109276729316689,38.7234531848181,0
24.132879904610476,58.30083164289712,10.67059523337436,1.7473471771459508,25.00984039541599,0
19.593168192335142,84.4376460407326,3.4588568221615184,0.2552516600258143,48.34751326324882,0
27.266022527329614,76.09138120907177,10.35381286369407,1.043552594843929,42.127397758576606,0
22.202555444230327,82.36093175210438,7.426916712199493,3.6220478246878978,28.85953549838007,0
19.23030026166729,68.1710355889516,5.251424253556273,0.13083059499820207,45.06240989305926,0
20.621917301379266,67.51308873816453,10.350171527847786,0.9429873934662641,31.43501762590801,0
22.533103002799763,74.84732817294474,6.18241753772332,0.7947679652295043,12.956083683972249,0
20.971937217758953,67.73515901150168,8.480054677558362,0.009599214668743097,44.29340822801734,0
24.255799098060322,55.69224897881952,5.038461418546448,1.616057669785146,56.284685547723214,0
23.835028866522602,82.78451862607298,2.5081013094306295,1.1705464784057034,45.540577711159074,0
23.039344628490927,79.24633682912769,13.325932677828536,3.422985741991451,30.354622050898087,0
22.140941781294227,73.74056569847572,11.376304353244308,0.9418804434918608,33.67244970114961,0
26.178737760949012,89.46367617094529,16.56763371970712,8.452453091271265,45.37790136115737,1
23.541357852736628,81.72729019259364,4.619697593270584,1.8834264053771819,39.02084753557096,0
22.594254282303567,70.88406886291847,2.67129430130504,1.165760447537693,39.35922235851283,0
23.147229238552153,56.54020319753251,7.074551634632541,2.062012791534526,50.53985771182876,0
29.680253614806382,78.83109777147159,9.446746858041971,2.14168068201825,59.23445794824953,0
20.591576842195146,64.47776955719029,7.60209876085228,3.0664239798999278,27.195444289975335,0
20.563754135009567,83.17597535607959,11.73403874221036,1.2459673000103915,11.60921340514573,0
22.626590785014265,75.83928185325964,4.838952742560938,2.780383704701882,30.953856250062337,0
19.04282186099337,68.25040243304592,8.062659464887885,2.2391102104277625,51.91707497107065,0
25.379695088643274,64.48814283671467,9.851017848730093,1.1366694178833976,42.430047220544,0
25.09739578165344,68.60410371844826,6.03870098405354,3.217280317727721,53.86349397262843,0
23.831110796300393,56.76910206592502,7.0761154110828794,0.6292969417013387,29.486900883606555,0
22.560300293431236,76.19154261005198,8.882672387040481,0.15032883429563015,43.47561613803552,0
27.02931193682585,80.72507337309803,6.538314307659343,0.9185374193157285,42.12093353074175,0
26.036260138464932,70.14688194729197,13.023477300042611,0.44223400645534405,25.66848185475288,0
23.224758267143415,59.841781810216034,7.929343547377286,0.48287037515502074,51.16833775529955,0
22.719979657634113,80.0223410977413,10.100876564491266,2.5416328043991676,77.7638496779426,1
12.276197979792782,78.70067730688754,9.563367285138014,8.837645976153528,30.754358856219,0
23.963096969062175,68.61544016016227,7.037997123328425,0.8110692341145227,52.37653757511998,0
22.921898562629828,55.59949117405706,5.354376046316847,0.6585012287567474,56.29166364900945,0
22.996942035938776,71.69360824036077,10.222473036260379,0.04640602334810582,35.03067974882022,0
22.75147855103763,83.99355436586002,6.061318070468591,0.5851865991484956,37.20189657622994,0
21.78950286562406,90.62524919243145,8.07616526162723,2.008835353607839,39.20932658135444,0
20.992645902129617,64.48141854107553,10.096485260607604,1.0470203649207124,43.195246707829554,0
25.754648832096052,92.46780102167146,15.217810712509264,3.858719139599774,59.431603774247534,1
22.259769362418698,59.5308901731806,7.6173526388673976,0.3625263475742986,21.6885512166165,0
29.617578368993787,93.79757443743054,11.883118732716694,3.207334682815876,66.1445417802599,1
27.061424905217695,66.11823181458772,6.712266739104015,0.2665222881840972,50.12637409644071,0
18.03863016074717,76.4084286126701,5.401475455356497,1.2224203557832558,58.07196643637885,0
18.289147867365756,87.97686526849523,11.797123522594102,0.4183742744924184,54.50927548279212,0
22.923405306676177,77.94264679621827,11.141953119864345,1.279797381529685,45.376299029498796,0
25.545178587614398,93.65977751254923,11.333743290444387,5.978509070152655,79.2140936500009,1
25.043110195054393,70.86143883046375,3.180268697783962,0.8330056813746789,43.631156277445236,0
21.566918764228173,84.77530081055262,9.225958434442013,2.7932655846524006,45.3629090951719,0
19.844667336242694,72.23914134064661,7.016315850461247,0.20201583530971962,27.29938911287968,0
22.641939732202665,75.57810306351863,11.4204471155638,2.8268905018622927,38.482855664227706,0
18.357434161636803,67.19324923133226,8.551548634261085,1.936509415789255,24.32140574634544,0
23.419712873720634,57.74234336997659,5.571189440235061,1.243090779111378,59.91553302204734,0
17.794446811623157,63.47376020697609,6.04999225752962,0.45991407320052125,38.63004510557542,0
25.888761777863373,90.04278040412174,12.447001719013999,3.898036392923501,63.769749723571536,1
16.663839253287165,82.89752754082745,9.603516945441651,1.881601164787253,30.298757396203563,0
22.553901575596914,63.180157520022014,8.278534703423345,0.4507993360173712,41.31065186215849,0
25.542482856956624,92.36519141080107,13.932149548144181,3.64153869361409,101.32826615579853,1
22.461175317836584,54.236078430157505,12.795941511514151,1.362676850128247,44.18205755887972,0
26.48813293446755,76.73181351269959,10.662966277621507,0.10635884900447565,36.02442234508278,0
20.84405920941472,73.2876241030348,9.221156861373606,0.35509014570751907,26.275344521158992,0
24.548806291063073,71.25576453471542,10.124911541603192,0.5336916554881931,17.831811606459354,0
17.216717023616898,73.30880232214457,9.12922857829255,0.40800180104541595,31.65676954508418,0
26.2083829328083,78.40643548988724,7.3254320545757645,1.768232262303623,46.78931290059278,0
23.447417245729557,76.4719593970274,6.222607222541317,0.05957455999149709,60.46862195719558,0
25.24915372952583,74.94030186282738,11.519373912759924,0.356692857281345,44.44198327290672,0
16.889852681934535,58.966333938261265,4.282678773038297,2.4250395727737426,51.92735165416414,0
20.575164066517132,70.7863519031609,9.13130118170656,0.657582246248511,40.522584904974835,0
19.75454039033034,55.8628550309502,6.460359300585244,0.34307930074641935,38.17431025620459,0
25.200346229005127,89.01539096001555,10.896975501882142,6.372707110029066,50.018665528058094,1
19.89047072462234,101.93107567844861,10.661872511800226,0.4683195010477279,35.2873625929748,0
28.64073032045986,95.79690521650261,14.453368496989194,4.988090581574541,44.30818372406244,1
22.702644197609562,81.87679388461564,7.114730257286281,1.284767370918273,42.792678382165256,0
23.439077180513245,88.54120683870731,9.003877965014121,5.438604674400872,65.35459138900389,1
20.489573037651404,77.60414656144297,8.056548868834543,1.7794005161362207,38.34368589682368,0
22.219953901565212,52.39191188019224,8.14932106154288,3.172046278859279,37.84390421431978,0
22.01573109915455,50.062643574285445,5.391010756175917,0.9468623988865068,24.57198484790354,0
23.679371343793118,66.65224667893459,6.3513285922742595,1.6771153405328705,40.22630852676869,0
24.123255806366426,71.13270410537764,11.218934143298036,0.052932102813044495,19.22188180143803,0
23.41779244723913,76.93105607263143,6.891419213499924,3.51891688462074,58.90440685155782,0
26.508459717988302,93.02803116315657,15.000286066227767,2.840315104437026,70.52242172887071,1
22.245622418158966,73.46503881730716,6.583728266908618,1.568911456473108,28.589914902472618,0
27.007064575868178,95.58199285668252,9.26291883316817,1.9722803467094927,56.536172684922846,0
29.77671946454188,87.84845340022679,14.446306109495394,5.392481881333441,67.43707531541357,1
19.072380241068004,63.54035820875465,7.798465129851934,2.0943251643182164,45.681032051286465,0
22.666401314901137,71.68460976269614,16.847283275926173,0.601353800627489,28.488462634471308,0
21.238539726341873,82.36416071705176,12.477289460382119,5.316178450646369,55.72358614436979,1
26.77955987991819,62.151016869177596,7.983211943512861,0.1678633950530415,34.753375929331966,0
23.499556277106127,95.37671700978449,14.974610474089989,7.786362515869811,45.10700998371682,1
20.27308652128668,67.08188731084456,8.227865803748262,1.2729336799022828,45.53149156379209,0
23.025267927331477,86.77700814076441,6.475579407058067,0.0009804064711055537,38.20906714983844,0
20.484735320612486,85.29800541757824,9.660645164548596,1.7665732501039715,29.244638140736996,1
19.507149650766888,71.83359919779156,7.997874216270063,3.238855966752652,38.77942867878723,0
17.7095758661181,69.42381202966415,7.546180149039465,0.9382594830200908,34.64683287432341,0
25.196441125196053,75.4673356820138,5.445780697219059,7.235501925797147,35.848997110366305,0
21.90191575571772,94.9299951743279,8.152663105568054,0.2011309723366998,45.904220612514635,0
18.888261537020632,44.46078865098045,9.277661618579106,1.6266808370961532,23.619709425639833,0
22.18069062982308,71.9652116970147,12.836661884766272,3.5763194351533327,45.02784426895194,0
25.477989410092743,87.72251596669744,5.21146741942277,0.2998425061745486,45.483196275544984,0
22.13671551971144,66.78364948782617,6.6040686296598405,1.4112495115788595,40.188190497405984,0
24.43608951581113,82.28440886028565,11.28496492031613,6.16862833287062,57.0270648543042,1
18.266035890065748,73.81158384882778,7.450410143838837,1.2389513055528352,25.77025074738327,0
15.779829302775552,75.82097703468615,6.355138110528197,0.4761784725772672,47.10549102297785,0
24.87781247825562,74.13799097451498,8.591947122216787,2.397244545325931,37.72523740046592,0
20.79074667419122,88.37965912395515,14.531233986345066,3.117954598667242,69.78495507265019,1
18.631833935313104,78.71297297457244,7.348948848726889,1.472565141075287,28.107675349228707,0
20.04519895718255,90.76747983560841,7.682154937087593,1.8041581363170016,28.28345652682438,0
25.242342176663865,65.96351536758003,10.578763660939405,2.6088966697898996,25.944369461437134,0
18.668272463602513,88.84586305934609,6.920694062632743,1.9549763671225282,56.69069525826331,0
21.069199730219633,75.6390912005236,1.9884129067797396,1.0036606645424835,29.226239230152416,0
21.307196409373965,80.24062525811462,10.08043673574198,1.490651509556297,32.60628592540964,0
24.13484463426667,75.58326912521723,6.3676579936574225,2.2009240852091603,36.60877720729961,0
27.115353306802227,79.89100680019027,12.198819294927876,3.501284621154445,58.786239935059676,1
27.089369104870116,67.2887639895743,4.555210133742145,0.3994931938019185,43.883120054234496,0
22.968155681014267,55.97394728200307,8.787683987005774,0.6982365520921225,40.712537499108926,0
23.331458284438686,63.76231039304195,11.168170427198156,0.3284538855108164,29.894017800710866,0
23.55297706140737,46.37067564458162,6.491075688345971,2.54990833826153,36.02804683854012,0
21.622639239701055,74.19532443907028,6.838700892576797,1.6896980775374741,28.928431831975484,0
21.525976304263033,87.26963851233405,3.4463787599575717,0.25584925392585156,32.76009668257391,0
26.758050448436055,86.13711269058646,6.119848326230104,0.4691145725993735,45.0024046943657,0
24.616961910162033,70.4381147197911,9.847313449313425,1.2205501475834368,60.49812095785926,0
19.722602015338907,61.963254320302696,6.348389451525249,0.4308611602381981,40.34027411072232,0
20.5842044026317,79.9626681944714,14.22224800924992,0.2964988404698606,35.22354417395995,0
25.814242276884872,87.99102486529183,16.107783104591768,5.85064261666022,12.34944280205999,1
25.095533618405906,82.96994546561109,7.623637219991299,2.2678999955755543,42.04758882401784,0
17.454426813404343,69.29501221940909,7.0404574302354685,1.8375197249511546,49.33128072341069,0
17.777608676870337,75.52489954417148,7.972099036584157,2.1560465228205086,41.94051943605874,0
20.53862384870591,44.0895770785509,9.417218833641133,0.3582374413954841,31.718037270347654,0
18.11476368380915,82.62584103427182,6.019036581579659,0.39473911170012177,32.71538378319657,0
22.781326456679885,95.9774032541274,12.128807402475148,4.057368557697764,47.940773779087785,1
28.480332477918576,83.46315108884518,16.53530302237595,2.815716813142534,51.978649937335156,1
26.50457587228701,82.44058290218393,9.539063961751083,3.030931899036064,59.251797688078234,1
22.671652072837393,74.4460266822014,4.6995373010849155,2.69043790740946,48.28229690184623,0
25.1036006507779,96.77786467855174,14.352379645005385,6.890423069222967,51.35370635497734,1
20.613174133884872,66.46833707189312,6.163289796476749,1.4489699545143826,48.021284586181196,0
21.181829290756987,90.06092888159122,11.291458135261088,4.084078463943095,41.5776143929377,0
22.867505931723453,59.99668675394425,3.867147497737288,0.2105729084649559,24.624152035508246,0
20.53718132778252,55.78189333258156,10.6606621702919,1.1398662662824746,29.574223053294237,0
25.330184693164462,90.99711992993383,15.106777966148854,6.675528443093178,45.3225068120009,1
24.3125955816609,58.96791634278317,4.553617894524032,2.6020955218194923,41.59462506804129,0
25.15945855999871,74.28307097207649,10.439615560243933,6.687842467528167,25.763173631160768,0
20.49472886924639,64.97945775647389,3.627345501605208,2.0899602913605646,44.49473912832307,0
23.51496183694137,77.2762954363698,8.807380823735322,0.48654506953891274,35.45452281256556,0
24.772081057620703,77.6608027838469,8.621801988196832,0.28118761615663235,37.37340479683832,0
23.96966082590149,64.64764788439432,8.780965516313662,1.2895196977659982,34.36052511941757,0
19.710222530372448,84.71170327493608,6.051880885035722,1.0183327344637902,34.14072326682245,0
18.337469050086934,88.46707325736034,3.151068174690236,2.583812182997169,40.460027472532744,0
24.507076336195425,74.59972142939117,8.317683359345702,0.7650358792924321,30.246339727217503,0
19.33145671112343,75.228354880355,4.682885994542193,0.7944814591370741,45.055892418358745,0
29.72007940974958,68.29815377475072,11.635831956159201,1.9723367937309542,43.01700008901736,0
26.014602504349437,91.45448528795004,14.524133618173451,6.704937286865901,95.82557989305658,1
22.676718898696485,92.52241628191508,14.39583333468415,3.2430523973158802,49.50757169748535,1
29.365900419732682,63.222550294751485,6.305677987487173,1.397095008648249,38.55095420918569,0
23.4143935635142,89.90063182315845,14.64637096491641,4.092727224816635,60.227744138106495,1
16.89224918728648,70.61679849847971,7.476937226291493,1.8539119141006792,41.864161697440466,0
17.609455155603644,59.29915233673847,5.744092004783543,2.079308338306815,30.959317102639996,0
21.021929403496475,91.65002344901083,4.786838961052854,6.162714506806801,53.032780373160634,0
19.622437784701898,69.28398740585936,8.924151618512306,0.2503061826909567,35.881766310363425,0
20.125544266912964,74.36559804157667,4.123211914683144,0.3810200356040325,60.1527511046064,0
24.488216743550467,59.55190805978967,4.738262183411592,0.437250264714922,26.114574461687887,0
20.91710150254276,69.72485094949364,2.4614364132857185,4.183803758383549,39.12564671222819,0
27.89417539874917,69.74973041254856,4.6656261291889045,1.4180526731428418,64.85189916678891,0
22.76326252990364,77.18953310665067,7.963733156461836,2.014086279748591,39.13930307209107,0
29.7592842622256,89.70086928235048,14.400919262827458,6.583718620776136,61.219176330842984,1
23.54510580162598,69.74445929008554,3.287371543794502,2.4476331055598646,45.22250636017779,0
18.039300378938073,64.18319086051356,9.866621432130206,0.9196297407376433,51.94762861876938,0
18.756830378775213,59.376064718531204,4.2304793171622315,0.25476234954690247,61.69936588080543,0
26.061617122496237,62.30026768941358,4.784428300879534,0.061325368141498464,40.469349020603694,0
21.895034528509115,72.98752908365687,5.710141687464255,0.6719516611104839,20.245122287828625,0
20.08678004724605,75.13907849658915,11.064149886288195,2.8401542300566325,35.540562861388395,0
21.289544179779973,81.6082678737852,6.137457205246652,1.7610578882122105,55.886269280435954,0
21.29753987582999,84.20504247989855,9.229455970785537,1.816728252502569,35.8209045423411,0
20.119098826636698,65.73642403794457,10.049986978433209,1.707732799732727,19.349169537436794,0
21.221225945909186,64.35752401342612,9.476056543978398,4.7593490273910035,41.39887232839127,0
26.065737850107595,82.01063932752581,14.577456006019673,4.492647844915238,64.42457183563232,1
22.83990587895946,67.90976742713974,8.690212277574206,1.4232047524624394,30.319542414897548,0
26.99642333338773,61.724097793512804,6.689707288285348,0.07784511541471853,33.91773492555241,0
23.73121638154162,56.52873710470303,5.303647855030615,1.2900689944783195,32.17996507488963,0
21.448049990941964,69.64358517702516,9.542764268053505,2.322316383288277,31.65718189965375,0
23.468123683683753,68.52397413701331,7.854042945288646,0.4637231646232891,32.63229864052378,0
22.015340369927383,69.54413983644503,11.228021415795794,1.3638062489656728,51.038773433162575,0
20.696511317703052,73.38483843461691,4.7445484203266055,0.7944788043073514,48.62223511886977,0
23.042745116085012,81.64739354457171,7.813426949002067,0.06163617566320112,45.70507208354516,0
21.34269841357341,61.607903326609936,8.102457252464074,1.4277614787861577,29.841211730100216,0
18.797138711852217,86.72572386837703,5.298137796056394,1.0019952406357187,37.640300127890285,0
17.804297278542577,75.41462728204787,10.159273826444545,2.1223377871826212,28.003024716346918,0
25.171366678656746,71.46713686433323,9.503282509819536,2.4409267758741575,47.211353625455814,0
21.9595083257862,65.10560557481777,7.941741182336802,1.9280110889840978,51.86734620177331,0
23.862016292652033,78.52773675122219,10.078755869094834,0.39203497864688425,45.92567273847331,0
21.358033467323473,67.41095026295923,8.164802332999546,0.3848031661486008,33.67119725115208,0
23.07336208104485,63.74437298490471,10.090863213532206,0.6276096056553945,42.52568845996623,0
19.241727297298592,69.96397460909432,6.162687876078686,2.5306105729344517,28.46667596794255,0
23.127094055037016,72.23787951638899,10.424173394843436,1.2337849813989792,50.581183250871504,0
25.911514988727085,85.81968923949988,13.769551534895605,2.9887972486210685,81.10402118837627,1
19.80890010484859,66.5134786559214,4.311351216642749,0.02899575618096155,50.88769654216672,0
24.64491927084835,71.70416222375488,9.76565980931216,1.3565907995555568,38.418461556276796,0
23.897223217166562,79.19228934575203,5.642041902095053,1.7918442862996216,56.43378155804534,0
28.56940879965302,79.6387911679491,7.581661172957001,2.383911754337835,47.82130001531459,0
22.842975603205097,75.97400069849859,6.0755552143311435,5.1518892167764365,44.347700645568914,0
25.53789155219148,62.64470057410233,0.3129990236140685,1.43227114641107,31.88999136371155,0
17.777464915846537,66.27793223928947,11.352196447707382,5.060980878712716,34.43881253239219,0
23.47575751451952,67.96419639897638,8.901423078832485,0.24739787660494472,37.15844902071203,0
23.436939477239175,71.81021558703706,8.255954427695071,2.602702488226735,36.02320306385396,0
19.373145239845726,56.33121301584579,6.075539272867071,2.1028314564499073,33.779651944456184,0
24.440551652109008,67.79035826170336,7.900310028066618,0.13880620350761969,32.9097904236951,0
18.680995077981915,72.49383683710755,8.226300916704778,1.2282672683365607,33.72266093915494,0
15.094236505793246,75.2969275435673,7.772146929072432,1.8884355276364624,43.326075103241976,0
21.837115400446564,82.08366230593143,5.411672707870638,1.5134906918010236,25.230750724680988,0
22.298954095262925,54.16097176514277,7.704235603147215,0.3177984274390435,34.06188591931295,0
24.52892079855814,88.7546407767348,10.83282322042484,5.091127762283796,39.06827242867392,1
16.991784156635884,68.27053940076577,6.924979543936333,0.19156443262474454,18.22934953557145,0
24.95296719542975,72.83287871546142,4.262847870660846,2.1952901829345013,30.083033365596897,0
25.666749388769077,79.68298423760272,15.762293441626738,0.9653224037551773,28.64545651720265,1
24.437577467182592,69.04704467613048,7.261812535610154,0.372906142505505,54.18531345148037,0
26.3409336530612,48.78145100991405,9.646651505952093,2.5997254701152346,39.77699716281947,0
16.8252465024609,63.87211309515614,6.394015442138231,0.6169378715530957,40.1249932190725,0
27.59732353343427,78.95193220027733,12.177395900192987,2.6180210309133924,42.12574030632215,0
24.215399739986232,78.20482181197364,7.686652344387586,0.9002890590484058,31.21676922820261,0
22.232104922942856,74.3693816974635,14.072928869860558,0.8878217776291331,38.18550930752483,0
19.575105143934547,92.10523001591352,6.649432205445765,0.2887817468280255,32.09100618332447,0
21.78151326202938,55.3562511979018,9.27218313339227,1.4697008658782789,31.679386951501435,0
21.71182030082605,69.22162802987198,4.2870127330181065,0.25067641561483345,32.25385029981418,0
19.681524356387285,57.053185242790946,5.636648744275283,1.0407994972772097,41.4098269961206,0
22.623063061489333,84.12220555415429,5.930816677807479,0.4733898696502433,46.961679971592886,0
19.969233999082125,70.28744822934817,6.037772950617729,0.7399819311669389,40.79597862376036,0
26.37472084534553,91.16924012894799,13.749651143233672,4.841223151188594,68.66045287659992,1
21.03584247504102,67.75366850002976,6.473109122877504,1.0082312384099634,51.94592220513731,0
20.165446591024157,70.20793707675408,5.6487030032408105,0.617498565928285,43.55668948563229,0
21.829163128836797,64.70947322653706,4.0205836150667515,0.06028303279628125,49.13473732017407,0
22.512596314383824,74.66429982433526,3.4066774923328333,0.01705034349362735,45.15294321624467,0
19.921271214218038,70.15579047581467,11.210450714949282,0.20833971727038253,15.067291796699223,0
25.147027677510668,67.96326249823034,8.530462616418195,3.4236538893271846,44.62483624066854,0
24.753585841164327,41.03744621806311,11.785764502141975,1.4003344752195386,18.943530581596754,0
22.05530179919618,53.848681840944906,9.716172325142432,0.5488607653083484,61.840967333804564,0
22.105790655915186,78.17766299200287,8.739514335296015,1.7021364550218858,42.6477531097798,0
19.621381503212966,61.015320182089624,6.150915775881567,0.04584944695894082,36.06470144030271,0
26.48887941270386,84.53939399825717,14.992800235467882,5.96052100281185,47.31490343258831,1
17.543318880889082,69.77131937701118,8.983638572478073,0.024499587755010967,47.65878279480615,0
28.779111072050938,97.26637738021272,14.291672940430768,4.562267496528748,38.34593606745352,1
22.392221731858275,80.50654396007612,11.401310290601193,0.09663830103852653,59.35154040060229,0
23.682353579104703,73.95803533437409,6.99854153073197,1.125139788730609,53.84532047593906,0
24.361253811227357,71.975996046924,10.432424819479346,0.14959449277208203,40.78143062969647,0
20.764369101632596,62.43204911430539,9.090895647874904,1.612567658115046,36.73303786813636,0
19.665085823793063,61.89747562985619,6.997768307060179,0.7604606137748418,33.88614752611372,0
20.201874931138683,78.33528961608924,5.293845336927468,3.5860519235769877,47.640297815728594,0
19.886968928371722,61.22017413243439,6.359959746238204,0.1318174399494141,28.206308783673826,0
23.7296708891673,60.606646061812455,3.1770169186458244,0.6232092213810512,30.836790809265803,0
26.22804232055674,66.33175588185313,16.95577700781023,0.3541884759709365,68.14654444472552,0
20.312599672317198,55.61722021682633,15.091617483858082,0.7461499611194609,36.79702195463358,0
23.212152570443614,81.17295831588127,3.2475921709835305,1.8902704513071429,24.542702133092668,0
20.775773880935347,79.27840128081237,11.577522537433925,5.246081746685098,35.875861817835194,0
20.26928903301279,86.28396623128538,12.357402603412236,1.4805886678838802,47.3463754545933,0
21.585207096486446,64.44522880839746,9.46756139044299,0.8404028766952081,52.49618905296667,0
22.827280432459204,91.91717515701822,16.32567715506997,3.975251518646613,65.76303108008845,1
24.7862962697444,92.95721075875927,15.315526352300747,5.492167230632818,81.40958046433825,1
28.226202395936316,75.5623000940066,9.212884264885092,4.17858945297593,31.147513138757773,0
21.340984336487463,64.44800473306802,3.7810476089844984,1.1925013217433524,45.32006198821943,0
19.18652488025463,63.283766320619485,9.343150777430832,1.572630074829144,53.46225756202748,0
24.467634736309567,76.81891489626311,10.39982570582615,2.7129102169693278,37.61889563687946,0
17.28932584032863,80.80048065714648,10.16468751537843,0.4513093105833492,39.68796511060916,0
22.14556488383448,55.21088431225871,7.060825908430537,0.7722661789202243,47.931756882186775,0
24.05815437999532,73.93317839394372,11.342965084006616,0.2627441160068392,31.74346317197858,0
20.409227144882678,75.36509843570404,4.219505704482259,0.6348718608997841,28.804538716168313,0
22.67227744543125,63.26509375756132,0.6835485251707123,2.6205602401552737,63.036387521047885,0
24.90593497159867,78.72457328280144,8.345078237442252,2.0336662824425944,30.176964196226855,0
20.308826341588077,60.31655545136365,2.6927722853326452,1.017592016002708,40.5166097685108,0
26.915206702801253,84.60131839362076,15.891739287368292,3.8310894162991236,55.44653512101127,1
25.603641766491833,63.564817696198574,10.040648316351348,0.45099056918157626,45.861658003927836,0
22.69614981207291,74.40474737960399,11.363092001973413,0.5967658231303172,53.119837385739466,0
19.818588472525395,65.52678104341248,7.307400878465693,3.258468684705641,40.18016872044446,0
21.655790675599302,69.62777763490159,6.825054297734627,1.2750777888317277,41.31927966771957,0
16.260159266026605,87.95877673095522,10.542265031451265,0.1869915432080216,49.37915537510655,0
22.063011524898275,94.39752406339272,7.418521583681589,1.467243161627855,54.51001438131336,0
24.270965849936054,73.08833012598964,11.155842853168757,1.1375597955499699,28.238266634452195,0
27.628512517647657,64.46411758292005,7.556659043547586,3.0680707999330834,43.958197810959234,0
22.03069918305876,58.569950872695166,8.584208584156325,2.5471898296360944,36.433268658201285,0
24.46618047998347,63.48581996385552,11.097638613024973,2.9281381727149878,39.26027136405622,0
21.8516088710427,75.86693801475275,5.8712604357524825,1.7682097542300288,41.893283072923744,0
27.148917208705033,86.63757201996832,14.696683478492254,3.2876603186765,69.41409446342746,1
13.909340071175285,90.61503576636397,6.5634876319747875,3.7229363056255345,29.026316810289334,0
22.246851967826274,78.40620026504553,7.310601108274419,3.3097316032275916,49.32434870954667,0
19.73094776414709,71.48667457202112,1.3644142660114795,0.6990387624432541,25.640904761314722,0
27.48812783795104,91.13517239432444,15.380945372243026,4.369406689427751,48.91457012965151,1
20.04807229263452,64.2348959927328,5.130690869545974,0.010352586632242151,48.58014195302145,0
19.244044160547404,69.75804393609084,5.220856610055385,1.6927588994725076,44.486357645145276,0
24.597265582510364,70.519458858073,6.970423173507768,3.8133113728515022,37.81346722564964,0
15.885626394466438,70.57013124897084,2.6642372479804495,0.8464289224696273,42.571989703559275,0
24.94232591435913,91.05334232601555,16.143859730423593,6.678698228463205,38.32192103381662,1
24.613374110295076,74.55887772081607,11.707346575466463,2.561736120608029,41.81062742771083,0
21.279023805525593,75.13600106569717,7.308797857382698,1.3877278387559184,50.09471788595969,0
17.455458325942406,80.47098302612154,7.956643187365163,1.3262309410379172,38.5297457656915,0
23.14059355301789,63.56450167682538,13.977546059504355,1.673868914726913,35.117261575484555,0
21.44529359067103,82.26933223884308,8.208033011108752,0.812300458669253,36.63613054588864,0
21.252891881330864,50.24533433646128,14.268616165084321,0.5606868265286818,54.52616745486179,0
18.61284468634831,52.31560634437149,5.128547255314871,0.766769219172473,25.931849905024617,0
22.811370477339516,69.84690150827005,4.248776798090848,3.388754709046343,35.42151613817511,0
22.99379029421069,76.45484181141076,12.836834773965936,0.7061312945958025,24.385067775581405,0
26.93490314050385,70.6447441481012,5.494571295109931,6.9241716981269565,50.651719657143865,0
22.869324570689237,83.28194141849058,9.310215655200528,0.5272275384403955,43.16358321536145,0
29.85734934674513,86.94571180097466,12.666302566096872,6.001663182008423,82.06552036225656,1
19.73385120294003,90.574954697117,7.296776599051034,0.8969154353673344,40.86697699414397,0
28.3664685910379,90.88374704780728,5.282803097412144,3.1926074523471746,51.53590343316925,0
21.322671098540393,62.01702755461546,7.221359967248248,1.0633206442424534,32.668438028900034,0
24.440528908001916,53.546012530431085,5.180290696673406,1.0563387655922893,38.396399189551694,0
18.406366322233453,74.74698232879953,9.673073182175374,0.46284058830184793,31.49464721252956,0
19.075954989318035,83.17394065634326,7.597073775588356,0.10443661088595164,31.83782755458035,0
22.59717908672041,73.02635465239034,11.37233815995804,0.13341647953098135,40.45222708999982,0
25.481573274801733,84.23153859330071,14.571606573589467,3.9213899710734594,64.37345515022959,1
24.569196382970418,65.4111573713106,8.019266809432814,7.013253316180579,42.078025073533134,0
22.451181359428624,86.39116805444067,4.337862722257524,0.45825458364973576,41.11372601840053,0
21.072483629594082,67.0459858986097,5.523768410063134,0.8365783242839415,25.837729442073545,0
25.83303046569553,60.79326406920634,4.993437632655581,0.28077508854175204,44.57805609925785,0
26.43983241667008,70.03046020153414,9.386517998245829,5.166613724630066,63.079162506161104,0
20.47917047388661,73.19781934142537,8.457064616101166,2.9469709834566635,49.040175547613146,0
27.437345673990787,81.48445709196756,7.372058541261915,0.08752525428206884,40.28457581183159,0
23.641292143510114,79.81765486991594,9.977737005297215,0.5402060638916838,60.95843501809159,0
20.359423176278824,68.06340540720282,3.9419891424693967,0.7147340895410828,38.37876024520141,0
17.3480097068016,77.85800158650832,10.12464326976967,0.3702240953062806,40.7857702971915,0
20.369725686598706,51.3346338292694,11.338065124969775,0.4338634685868037,48.49611988516213,0
25.320210487074217,100.981115710764,12.07159985715351,4.885218593996915,79.08855244392853,1
21.29623859987456,72.43339449322691,8.063934946015827,1.5925503158383882,44.751677464953815,0
26.353430823385125,76.33776880932099,8.265972772884313,0.7039216196322473,43.361449630262285,0
22.986253328979053,77.08356447299353,5.74353078322825,1.0947418505263167,29.85240506814148,0
20.339052083958453,80.85895565831578,11.844931385011307,4.059192548102455,46.03094684948834,0
21.963259681459256,71.79894151153478,10.421367789911931,0.5650442640984961,46.40542935074774,0
21.054192266078964,66.37559058596868,2.596826797541783,4.263023617427322,41.45521197768241,0
23.842500100130277,59.348863369246274,5.5674274663689856,2.015237276077007,52.18194711754256,0
19.271837635615782,63.18948342525119,8.230555648876305,0.47607016778155786,55.905820726178504,0
29.33725593885048,64.19476550195277,9.997772756163384,1.6260780050745396,33.85676855903706,0
26.39694630676466,68.2305277250595,9.539317394528249,0.34283045809523033,44.41307151699246,0
20.431830938442882,68.99845923520047,5.834787339988241,2.123788550810594,49.6030479628147,0
26.614109699397908,59.7348470058894,13.085153121292258,1.603854702562962,30.544931200572687,0
27.65855770363159,73.42725346377703,8.80137995303445,0.4740044203949783,55.89838978180684,0
26.323819867198345,81.05525932957984,9.780670166842587,0.612581925856551,48.15501022444263,0
28.21916974468711,97.17543699611117,12.627441728489831,5.433366237928572,48.05794795220257,1
22.222284341259325,56.68767046442222,6.279194681309297,0.4949446758168735,32.719229021446786,0
20.971856450419693,57.48460575809556,5.874779699268611,1.501104431897109,29.0783636728191,0
